[INFO] Scanning for projects...
[INFO] 
[INFO] ----------< com.example.flatery.backenddd:flatery.backenddd >-----------
[INFO] Building flatery.backenddd 0.0.1-SNAPSHOT
[INFO]   from pom.xml
[INFO] --------------------------------[ jar ]---------------------------------
[INFO] 
[INFO] >>> spring-boot:3.1.5:run (default-cli) > test-compile @ flatery.backenddd >>>
[INFO] 
[INFO] --- resources:3.3.1:resources (default-resources) @ flatery.backenddd ---
[INFO] Copying 1 resource from src/main/resources to target/classes
[INFO] Copying 9 resources from src/main/resources to target/classes
[INFO] 
[INFO] --- compiler:3.11.0:compile (default-compile) @ flatery.backenddd ---
[INFO] Changes detected - recompiling the module! :source
[INFO] Compiling 233 source files with javac [debug release 17] to target/classes
[WARNING] /Users/mac/Documents/GitHub/Flatery_backend-dev/src/main/java/com/Flatery/Tenant/model/TenantProfile.java:[90,21] @Builder will ignore the initializing expression entirely. If you want the initializing expression to serve as default, add @Builder.Default. If it is not supposed to be settable during building, make the field final.
[WARNING] /Users/mac/Documents/GitHub/Flatery_backend-dev/src/main/java/com/Flatery/email/entity/EmailTemplate.java:[45,21] @Builder will ignore the initializing expression entirely. If you want the initializing expression to serve as default, add @Builder.Default. If it is not supposed to be settable during building, make the field final.
[WARNING] /Users/mac/Documents/GitHub/Flatery_backend-dev/src/main/java/com/Flatery/model/tenant/Tenant.java:[95,21] @Builder will ignore the initializing expression entirely. If you want the initializing expression to serve as default, add @Builder.Default. If it is not supposed to be settable during building, make the field final.
[WARNING] /Users/mac/Documents/GitHub/Flatery_backend-dev/src/main/java/com/Flatery/model/payment/TenantMonthlyPaymentStatus.java:[30,21] @Builder will ignore the initializing expression entirely. If you want the initializing expression to serve as default, add @Builder.Default. If it is not supposed to be settable during building, make the field final.
[WARNING] /Users/mac/Documents/GitHub/Flatery_backend-dev/src/main/java/com/Flatery/model/payment/TenantMonthlyPaymentStatus.java:[39,27] @Builder will ignore the initializing expression entirely. If you want the initializing expression to serve as default, add @Builder.Default. If it is not supposed to be settable during building, make the field final.
[WARNING] /Users/mac/Documents/GitHub/Flatery_backend-dev/src/main/java/com/Flatery/model/payment/TenantMonthlyPaymentStatus.java:[42,27] @Builder will ignore the initializing expression entirely. If you want the initializing expression to serve as default, add @Builder.Default. If it is not supposed to be settable during building, make the field final.
[WARNING] /Users/mac/Documents/GitHub/Flatery_backend-dev/src/main/java/com/Flatery/model/help/Complaint.java:[80,21] @Builder will ignore the initializing expression entirely. If you want the initializing expression to serve as default, add @Builder.Default. If it is not supposed to be settable during building, make the field final.
[WARNING] /Users/mac/Documents/GitHub/Flatery_backend-dev/src/main/java/com/Flatery/model/help/Complaint.java:[86,21] @Builder will ignore the initializing expression entirely. If you want the initializing expression to serve as default, add @Builder.Default. If it is not supposed to be settable during building, make the field final.
[WARNING] /Users/mac/Documents/GitHub/Flatery_backend-dev/src/main/java/com/Flatery/email/entity/EmailQueue.java:[48,20] @Builder will ignore the initializing expression entirely. If you want the initializing expression to serve as default, add @Builder.Default. If it is not supposed to be settable during building, make the field final.
[WARNING] /Users/mac/Documents/GitHub/Flatery_backend-dev/src/main/java/com/Flatery/email/entity/EmailQueue.java:[51,17] @Builder will ignore the initializing expression entirely. If you want the initializing expression to serve as default, add @Builder.Default. If it is not supposed to be settable during building, make the field final.
[WARNING] /Users/mac/Documents/GitHub/Flatery_backend-dev/src/main/java/com/Flatery/email/entity/EmailQueue.java:[54,21] @Builder will ignore the initializing expression entirely. If you want the initializing expression to serve as default, add @Builder.Default. If it is not supposed to be settable during building, make the field final.
[WARNING] /Users/mac/Documents/GitHub/Flatery_backend-dev/src/main/java/com/Flatery/email/entity/EmailConfig.java:[51,21] @Builder will ignore the initializing expression entirely. If you want the initializing expression to serve as default, add @Builder.Default. If it is not supposed to be settable during building, make the field final.
[WARNING] /Users/mac/Documents/GitHub/Flatery_backend-dev/src/main/java/com/Flatery/email/entity/EmailConfig.java:[54,21] @Builder will ignore the initializing expression entirely. If you want the initializing expression to serve as default, add @Builder.Default. If it is not supposed to be settable during building, make the field final.
[WARNING] /Users/mac/Documents/GitHub/Flatery_backend-dev/src/main/java/com/Flatery/model/payment/OwnerPaymentInfo.java:[46,21] @Builder will ignore the initializing expression entirely. If you want the initializing expression to serve as default, add @Builder.Default. If it is not supposed to be settable during building, make the field final.
[WARNING] /Users/mac/Documents/GitHub/Flatery_backend-dev/src/main/java/com/Flatery/model/payment/OwnerPaymentInfo.java:[57,20] @Builder will ignore the initializing expression entirely. If you want the initializing expression to serve as default, add @Builder.Default. If it is not supposed to be settable during building, make the field final.
[WARNING] /Users/mac/Documents/GitHub/Flatery_backend-dev/src/main/java/com/Flatery/model/property/PropertyView.java:[46,21] @Builder will ignore the initializing expression entirely. If you want the initializing expression to serve as default, add @Builder.Default. If it is not supposed to be settable during building, make the field final.
[INFO] 
[INFO] --- resources:3.3.1:testResources (default-testResources) @ flatery.backenddd ---
[INFO] Copying 0 resource from src/test/resources to target/test-classes
[INFO] 
[INFO] --- compiler:3.11.0:testCompile (default-testCompile) @ flatery.backenddd ---
[INFO] Changes detected - recompiling the module! :dependency
[INFO] Compiling 1 source file with javac [debug release 17] to target/test-classes
[INFO] 
[INFO] <<< spring-boot:3.1.5:run (default-cli) < test-compile @ flatery.backenddd <<<
[INFO] 
[INFO] 
[INFO] --- spring-boot:3.1.5:run (default-cli) @ flatery.backenddd ---
[INFO] Attaching agents: []

  .   ____          _            __ _ _
 /\\ / ___'_ __ _ _(_)_ __  __ _ \ \ \ \
( ( )\___ | '_ | '_| | '_ \/ _` | \ \ \ \
 \\/  ___)| |_)| | | | | || (_| |  ) ) ) )
  '  |____| .__|_| |_|_| |_\__, | / / / /
 =========|_|==============|___/=/_/_/_/
 :: Spring Boot ::                (v3.1.5)

2026-01-18T05:11:11.482+05:30  INFO 94736 --- [           main] com.Flatery.Application                  : Starting Application using Java 17.0.12 with PID 94736 (/Users/mac/Documents/GitHub/Flatery_backend-dev/target/classes started by mac in /Users/mac/Documents/GitHub/Flatery_backend-dev)
2026-01-18T05:11:11.484+05:30  INFO 94736 --- [           main] com.Flatery.Application                  : No active profile set, falling back to 1 default profile: "default"
2026-01-18T05:11:12.106+05:30  INFO 94736 --- [           main] .s.d.r.c.RepositoryConfigurationDelegate : Bootstrapping Spring Data JPA repositories in DEFAULT mode.
2026-01-18T05:11:12.202+05:30  INFO 94736 --- [           main] .s.d.r.c.RepositoryConfigurationDelegate : Finished Spring Data repository scanning in 90 ms. Found 27 JPA repository interfaces.
2026-01-18T05:11:12.681+05:30  INFO 94736 --- [           main] o.s.b.w.embedded.tomcat.TomcatWebServer  : Tomcat initialized with port(s): 8081 (http)
2026-01-18T05:11:12.688+05:30  INFO 94736 --- [           main] o.apache.catalina.core.StandardService   : Starting service [Tomcat]
2026-01-18T05:11:12.688+05:30  INFO 94736 --- [           main] o.apache.catalina.core.StandardEngine    : Starting Servlet engine: [Apache Tomcat/10.1.15]
2026-01-18T05:11:12.809+05:30  INFO 94736 --- [           main] o.a.c.c.C.[Tomcat].[localhost].[/]       : Initializing Spring embedded WebApplicationContext
2026-01-18T05:11:12.810+05:30  INFO 94736 --- [           main] w.s.c.ServletWebServerApplicationContext : Root WebApplicationContext: initialization completed in 1292 ms
2026-01-18T05:11:12.948+05:30  INFO 94736 --- [           main] o.hibernate.jpa.internal.util.LogHelper  : HHH000204: Processing PersistenceUnitInfo [name: default]
2026-01-18T05:11:12.988+05:30  INFO 94736 --- [           main] org.hibernate.Version                    : HHH000412: Hibernate ORM core version 6.2.13.Final
2026-01-18T05:11:12.990+05:30  INFO 94736 --- [           main] org.hibernate.cfg.Environment            : HHH000406: Using bytecode reflection optimizer
2026-01-18T05:11:13.166+05:30  INFO 94736 --- [           main] o.s.o.j.p.SpringPersistenceUnitInfo      : No LoadTimeWeaver setup: ignoring JPA class transformer
2026-01-18T05:11:13.184+05:30  INFO 94736 --- [           main] com.zaxxer.hikari.HikariDataSource       : HikariPool-1 - Starting...
2026-01-18T05:11:13.305+05:30  INFO 94736 --- [           main] com.zaxxer.hikari.pool.HikariPool        : HikariPool-1 - Added connection com.mysql.cj.jdbc.ConnectionImpl@61e14b53
2026-01-18T05:11:13.307+05:30  INFO 94736 --- [           main] com.zaxxer.hikari.HikariDataSource       : HikariPool-1 - Start completed.
2026-01-18T05:11:13.344+05:30  WARN 94736 --- [           main] org.hibernate.dialect.Dialect            : HHH000511: The 5.5.0 version for [org.hibernate.dialect.MySQLDialect] is no longer supported, hence certain features may not work properly. The minimum supported version is 5.7.0. Check the community dialects project for available legacy versions.
2026-01-18T05:11:14.404+05:30  INFO 94736 --- [           main] o.h.e.t.j.p.i.JtaPlatformInitiator       : HHH000489: No JTA platform available (set 'hibernate.transaction.jta.platform' to enable JTA platform integration)
2026-01-18T05:11:14.535+05:30  INFO 94736 --- [           main] j.LocalContainerEntityManagerFactoryBean : Initialized JPA EntityManagerFactory for persistence unit 'default'
2026-01-18T05:11:14.768+05:30  INFO 94736 --- [           main] o.s.d.j.r.query.QueryEnhancerFactory     : Hibernate is in classpath; If applicable, HQL parser will be used.
2026-01-18T05:11:16.154+05:30  INFO 94736 --- [           main] c.F.service.storage.S3StorageService     : S3StorageService initialized with bucket: flatery-assets
2026-01-18T05:11:16.324+05:30  INFO 94736 --- [           main] c.F.service.property.FileStorageService  : File storage location initialized: /Users/mac/Documents/GitHub/Flatery_backend-dev/uploads/properties
2026-01-18T05:11:16.828+05:30  WARN 94736 --- [           main] JpaBaseConfiguration$JpaWebConfiguration : spring.jpa.open-in-view is enabled by default. Therefore, database queries may be performed during view rendering. Explicitly configure spring.jpa.open-in-view to disable this warning
2026-01-18T05:11:17.237+05:30  INFO 94736 --- [           main] o.s.s.web.DefaultSecurityFilterChain     : Will secure any request with [org.springframework.security.web.session.DisableEncodeUrlFilter@7744f9fa, org.springframework.security.web.context.request.async.WebAsyncManagerIntegrationFilter@41ca7df9, org.springframework.security.web.context.SecurityContextHolderFilter@91b587b, org.springframework.security.web.header.HeaderWriterFilter@4259ccab, org.springframework.web.filter.CorsFilter@4f0908de, org.springframework.security.web.authentication.logout.LogoutFilter@4dae3857, com.Flatery.security.JwtAuthenticationFilter@2a4f8009, org.springframework.security.web.savedrequest.RequestCacheAwareFilter@7d63b66b, org.springframework.security.web.servletapi.SecurityContextHolderAwareRequestFilter@6f088169, org.springframework.security.web.authentication.AnonymousAuthenticationFilter@19469022, org.springframework.security.web.session.SessionManagementFilter@24910a3e, org.springframework.security.web.access.ExceptionTranslationFilter@64c555f7, org.springframework.security.web.access.intercept.AuthorizationFilter@45ee6ac9]
2026-01-18T05:11:17.496+05:30  INFO 94736 --- [           main] o.s.b.w.embedded.tomcat.TomcatWebServer  : Tomcat started on port(s): 8081 (http) with context path ''
2026-01-18T05:11:17.507+05:30  INFO 94736 --- [           main] com.Flatery.Application                  : Started Application in 6.261 seconds (process running for 6.506)
Hibernate: 
    select
        u1_0.id,
        u1_0.created_at,
        u1_0.email,
        u1_0.first_name,
        u1_0.last_name,
        u1_0.password,
        u1_0.phone_number,
        u1_0.updated_at,
        u1_0.username 
    from
        users u1_0 
    where
        u1_0.username=?
Hibernate: 
    select
        e1_0.id,
        e1_0.attempts,
        e1_0.body_html,
        e1_0.body_text,
        e1_0.created_at,
        e1_0.email_type,
        e1_0.last_error,
        e1_0.recipient,
        e1_0.scheduled_at,
        e1_0.status,
        e1_0.subject,
        e1_0.updated_at 
    from
        email_queue e1_0 
    where
        e1_0.status='PENDING' 
        and e1_0.scheduled_at<=? 
    order by
        e1_0.scheduled_at
2026-01-18T05:11:17.588+05:30 DEBUG 94736 --- [           main] com.Flatery.config.DataInitializer       : Super admin user already exists
2026-01-18T05:11:17.588+05:30  INFO 94736 --- [           main] c.F.email.seeder.EmailTemplateSeeder     : Checking email templates...
Hibernate: 
    select
        e1_0.id,
        e1_0.is_active,
        e1_0.created_at,
        e1_0.html_body,
        e1_0.last_updated_by,
        e1_0.placeholders,
        e1_0.subject,
        e1_0.template_key,
        e1_0.text_body,
        e1_0.updated_at 
    from
        email_templates e1_0 
    where
        e1_0.template_key=? 
        and e1_0.is_active 
    limit
        ?
Hibernate: 
    select
        e1_0.id,
        e1_0.is_active,
        e1_0.created_at,
        e1_0.html_body,
        e1_0.last_updated_by,
        e1_0.placeholders,
        e1_0.subject,
        e1_0.template_key,
        e1_0.text_body,
        e1_0.updated_at 
    from
        email_templates e1_0 
    where
        e1_0.template_key=? 
        and e1_0.is_active 
    limit
        ?
Hibernate: 
    select
        e1_0.id,
        e1_0.is_active,
        e1_0.created_at,
        e1_0.html_body,
        e1_0.last_updated_by,
        e1_0.placeholders,
        e1_0.subject,
        e1_0.template_key,
        e1_0.text_body,
        e1_0.updated_at 
    from
        email_templates e1_0 
    where
        e1_0.template_key=? 
        and e1_0.is_active 
    limit
        ?
Hibernate: 
    select
        e1_0.id,
        e1_0.is_active,
        e1_0.created_at,
        e1_0.html_body,
        e1_0.last_updated_by,
        e1_0.placeholders,
        e1_0.subject,
        e1_0.template_key,
        e1_0.text_body,
        e1_0.updated_at 
    from
        email_templates e1_0 
    where
        e1_0.template_key=? 
        and e1_0.is_active 
    limit
        ?
Hibernate: 
    select
        e1_0.id,
        e1_0.is_active,
        e1_0.created_at,
        e1_0.html_body,
        e1_0.last_updated_by,
        e1_0.placeholders,
        e1_0.subject,
        e1_0.template_key,
        e1_0.text_body,
        e1_0.updated_at 
    from
        email_templates e1_0 
    where
        e1_0.template_key=? 
        and e1_0.is_active 
    limit
        ?
Hibernate: 
    select
        e1_0.id,
        e1_0.is_active,
        e1_0.created_at,
        e1_0.html_body,
        e1_0.last_updated_by,
        e1_0.placeholders,
        e1_0.subject,
        e1_0.template_key,
        e1_0.text_body,
        e1_0.updated_at 
    from
        email_templates e1_0 
    where
        e1_0.template_key=? 
        and e1_0.is_active 
    limit
        ?
Hibernate: 
    select
        e1_0.id,
        e1_0.is_active,
        e1_0.created_at,
        e1_0.html_body,
        e1_0.last_updated_by,
        e1_0.placeholders,
        e1_0.subject,
        e1_0.template_key,
        e1_0.text_body,
        e1_0.updated_at 
    from
        email_templates e1_0 
    where
        e1_0.template_key=? 
        and e1_0.is_active 
    limit
        ?
Hibernate: 
    select
        e1_0.id,
        e1_0.is_active,
        e1_0.created_at,
        e1_0.html_body,
        e1_0.last_updated_by,
        e1_0.placeholders,
        e1_0.subject,
        e1_0.template_key,
        e1_0.text_body,
        e1_0.updated_at 
    from
        email_templates e1_0 
    where
        e1_0.template_key=? 
        and e1_0.is_active 
    limit
        ?
Hibernate: 
    select
        e1_0.id,
        e1_0.is_active,
        e1_0.created_at,
        e1_0.html_body,
        e1_0.last_updated_by,
        e1_0.placeholders,
        e1_0.subject,
        e1_0.template_key,
        e1_0.text_body,
        e1_0.updated_at 
    from
        email_templates e1_0 
    where
        e1_0.template_key=? 
        and e1_0.is_active 
    limit
        ?
2026-01-18T05:11:17.618+05:30  INFO 94736 --- [           main] c.F.email.seeder.EmailTemplateSeeder     : Email template seeding complete. New templates added: 0
Hibernate: 
    select
        count(*) 
    from
        subscription_plans s1_0
2026-01-18T05:11:17.632+05:30  INFO 94736 --- [           main] c.F.s.service.PlanInitializationService  : Subscription plans already exist, skipping initialization
Hibernate: 
    select
        e1_0.id,
        e1_0.attempts,
        e1_0.body_html,
        e1_0.body_text,
        e1_0.created_at,
        e1_0.email_type,
        e1_0.last_error,
        e1_0.recipient,
        e1_0.scheduled_at,
        e1_0.status,
        e1_0.subject,
        e1_0.updated_at 
    from
        email_queue e1_0 
    where
        e1_0.status='PENDING' 
        and e1_0.scheduled_at<=? 
    order by
        e1_0.scheduled_at
2026-01-18T05:12:07.693+05:30  INFO 94736 --- [nio-8081-exec-2] o.a.c.c.C.[Tomcat].[localhost].[/]       : Initializing Spring DispatcherServlet 'dispatcherServlet'
2026-01-18T05:12:07.693+05:30  INFO 94736 --- [nio-8081-exec-2] o.s.web.servlet.DispatcherServlet        : Initializing Servlet 'dispatcherServlet'
2026-01-18T05:12:07.694+05:30  INFO 94736 --- [nio-8081-exec-2] o.s.web.servlet.DispatcherServlet        : Completed initialization in 1 ms
2026-01-18T05:12:07.701+05:30 DEBUG 94736 --- [nio-8081-exec-2] o.s.security.web.FilterChainProxy        : Securing GET /api/notifications
2026-01-18T05:12:07.701+05:30 DEBUG 94736 --- [nio-8081-exec-1] o.s.security.web.FilterChainProxy        : Securing GET /api/notifications/count
Hibernate: 
    select
        u1_0.id,
        u1_0.created_at,
        u1_0.email,
        u1_0.first_name,
        u1_0.last_name,
        u1_0.password,
        u1_0.phone_number,
        u1_0.updated_at,
        u1_0.username 
    from
        users u1_0 
    where
        lower(u1_0.username)=lower(?) 
        or lower(u1_0.email)=lower(?) 
        or u1_0.phone_number=?
Hibernate: 
    select
        u1_0.id,
        u1_0.created_at,
        u1_0.email,
        u1_0.first_name,
        u1_0.last_name,
        u1_0.password,
        u1_0.phone_number,
        u1_0.updated_at,
        u1_0.username 
    from
        users u1_0 
    where
        lower(u1_0.username)=lower(?) 
        or lower(u1_0.email)=lower(?) 
        or u1_0.phone_number=?
Hibernate: 
    select
        r1_0.user_id,
        r1_0.role 
    from
        user_roles r1_0 
    where
        r1_0.user_id=?
Hibernate: 
    select
        r1_0.user_id,
        r1_0.role 
    from
        user_roles r1_0 
    where
        r1_0.user_id=?
2026-01-18T05:12:07.769+05:30 DEBUG 94736 --- [nio-8081-exec-2] o.s.s.w.a.AnonymousAuthenticationFilter  : Set SecurityContextHolder to anonymous SecurityContext
2026-01-18T05:12:07.769+05:30 DEBUG 94736 --- [nio-8081-exec-1] o.s.s.w.a.AnonymousAuthenticationFilter  : Set SecurityContextHolder to anonymous SecurityContext
2026-01-18T05:12:07.778+05:30 DEBUG 94736 --- [nio-8081-exec-2] o.s.s.w.a.Http403ForbiddenEntryPoint     : Pre-authenticated entry point called. Rejecting access
2026-01-18T05:12:07.778+05:30 DEBUG 94736 --- [nio-8081-exec-1] o.s.s.w.a.Http403ForbiddenEntryPoint     : Pre-authenticated entry point called. Rejecting access
2026-01-18T05:12:07.780+05:30 DEBUG 94736 --- [nio-8081-exec-1] o.s.security.web.FilterChainProxy        : Securing GET /error
2026-01-18T05:12:07.780+05:30 DEBUG 94736 --- [nio-8081-exec-2] o.s.security.web.FilterChainProxy        : Securing GET /error
2026-01-18T05:12:07.785+05:30 DEBUG 94736 --- [nio-8081-exec-1] o.s.security.web.FilterChainProxy        : Secured GET /error
2026-01-18T05:12:07.785+05:30 DEBUG 94736 --- [nio-8081-exec-2] o.s.security.web.FilterChainProxy        : Secured GET /error
2026-01-18T05:12:07.820+05:30 DEBUG 94736 --- [nio-8081-exec-1] o.s.s.w.a.AnonymousAuthenticationFilter  : Set SecurityContextHolder to anonymous SecurityContext
2026-01-18T05:12:07.820+05:30 DEBUG 94736 --- [nio-8081-exec-2] o.s.s.w.a.AnonymousAuthenticationFilter  : Set SecurityContextHolder to anonymous SecurityContext
2026-01-18T05:12:07.821+05:30 DEBUG 94736 --- [nio-8081-exec-3] o.s.security.web.FilterChainProxy        : Securing GET /api/notifications/count
2026-01-18T05:12:07.822+05:30 DEBUG 94736 --- [nio-8081-exec-4] o.s.security.web.FilterChainProxy        : Securing GET /api/notifications
Hibernate: 
    select
        u1_0.id,
        u1_0.created_at,
        u1_0.email,
        u1_0.first_name,
        u1_0.last_name,
        u1_0.password,
        u1_0.phone_number,
        u1_0.updated_at,
        u1_0.username 
    from
        users u1_0 
    where
        lower(u1_0.username)=lower(?) 
        or lower(u1_0.email)=lower(?) 
        or u1_0.phone_number=?
Hibernate: 
    select
        u1_0.id,
        u1_0.created_at,
        u1_0.email,
        u1_0.first_name,
        u1_0.last_name,
        u1_0.password,
        u1_0.phone_number,
        u1_0.updated_at,
        u1_0.username 
    from
        users u1_0 
    where
        lower(u1_0.username)=lower(?) 
        or lower(u1_0.email)=lower(?) 
        or u1_0.phone_number=?
Hibernate: 
    select
        r1_0.user_id,
        r1_0.role 
    from
        user_roles r1_0 
    where
        r1_0.user_id=?
Hibernate: 
    select
        r1_0.user_id,
        r1_0.role 
    from
        user_roles r1_0 
    where
        r1_0.user_id=?
2026-01-18T05:12:07.830+05:30 DEBUG 94736 --- [nio-8081-exec-4] o.s.s.w.a.AnonymousAuthenticationFilter  : Set SecurityContextHolder to anonymous SecurityContext
2026-01-18T05:12:07.830+05:30 DEBUG 94736 --- [nio-8081-exec-3] o.s.s.w.a.AnonymousAuthenticationFilter  : Set SecurityContextHolder to anonymous SecurityContext
2026-01-18T05:12:07.832+05:30 DEBUG 94736 --- [nio-8081-exec-4] o.s.s.w.a.Http403ForbiddenEntryPoint     : Pre-authenticated entry point called. Rejecting access
2026-01-18T05:12:07.832+05:30 DEBUG 94736 --- [nio-8081-exec-3] o.s.s.w.a.Http403ForbiddenEntryPoint     : Pre-authenticated entry point called. Rejecting access
2026-01-18T05:12:07.832+05:30 DEBUG 94736 --- [nio-8081-exec-3] o.s.security.web.FilterChainProxy        : Securing GET /error
2026-01-18T05:12:07.832+05:30 DEBUG 94736 --- [nio-8081-exec-4] o.s.security.web.FilterChainProxy        : Securing GET /error
2026-01-18T05:12:07.834+05:30 DEBUG 94736 --- [nio-8081-exec-4] o.s.security.web.FilterChainProxy        : Secured GET /error
2026-01-18T05:12:07.834+05:30 DEBUG 94736 --- [nio-8081-exec-3] o.s.security.web.FilterChainProxy        : Secured GET /error
2026-01-18T05:12:07.835+05:30 DEBUG 94736 --- [nio-8081-exec-4] o.s.s.w.a.AnonymousAuthenticationFilter  : Set SecurityContextHolder to anonymous SecurityContext
2026-01-18T05:12:07.836+05:30 DEBUG 94736 --- [nio-8081-exec-3] o.s.s.w.a.AnonymousAuthenticationFilter  : Set SecurityContextHolder to anonymous SecurityContext
Hibernate: 
    select
        e1_0.id,
        e1_0.attempts,
        e1_0.body_html,
        e1_0.body_text,
        e1_0.created_at,
        e1_0.email_type,
        e1_0.last_error,
        e1_0.recipient,
        e1_0.scheduled_at,
        e1_0.status,
        e1_0.subject,
        e1_0.updated_at 
    from
        email_queue e1_0 
    where
        e1_0.status='PENDING' 
        and e1_0.scheduled_at<=? 
    order by
        e1_0.scheduled_at
2026-01-18T05:12:20.712+05:30 DEBUG 94736 --- [nio-8081-exec-5] o.s.security.web.FilterChainProxy        : Securing GET /frontend/index.html
2026-01-18T05:12:20.712+05:30 DEBUG 94736 --- [nio-8081-exec-5] o.s.s.w.a.AnonymousAuthenticationFilter  : Set SecurityContextHolder to anonymous SecurityContext
2026-01-18T05:12:20.728+05:30 DEBUG 94736 --- [nio-8081-exec-5] o.s.security.web.FilterChainProxy        : Secured GET /frontend/index.html
2026-01-18T05:12:20.782+05:30 DEBUG 94736 --- [nio-8081-exec-6] o.s.security.web.FilterChainProxy        : Securing GET /frontend/css/style.css?v=5
2026-01-18T05:12:20.783+05:30 DEBUG 94736 --- [nio-8081-exec-6] o.s.s.w.a.AnonymousAuthenticationFilter  : Set SecurityContextHolder to anonymous SecurityContext
2026-01-18T05:12:20.783+05:30 DEBUG 94736 --- [nio-8081-exec-7] o.s.security.web.FilterChainProxy        : Securing GET /frontend/img/why-choose-flatery.png
2026-01-18T05:12:20.784+05:30 DEBUG 94736 --- [nio-8081-exec-7] o.s.s.w.a.AnonymousAuthenticationFilter  : Set SecurityContextHolder to anonymous SecurityContext
2026-01-18T05:12:20.795+05:30 DEBUG 94736 --- [nio-8081-exec-7] o.s.security.web.FilterChainProxy        : Secured GET /frontend/img/why-choose-flatery.png
2026-01-18T05:12:20.795+05:30 DEBUG 94736 --- [nio-8081-exec-6] o.s.security.web.FilterChainProxy        : Secured GET /frontend/css/style.css?v=5
2026-01-18T05:12:20.809+05:30 DEBUG 94736 --- [nio-8081-exec-8] o.s.security.web.FilterChainProxy        : Securing GET /.well-known/appspecific/com.chrome.devtools.json
2026-01-18T05:12:20.810+05:30 DEBUG 94736 --- [nio-8081-exec-8] o.s.s.w.a.AnonymousAuthenticationFilter  : Set SecurityContextHolder to anonymous SecurityContext
2026-01-18T05:12:20.891+05:30 DEBUG 94736 --- [nio-8081-exec-8] o.s.s.w.a.Http403ForbiddenEntryPoint     : Pre-authenticated entry point called. Rejecting access
2026-01-18T05:12:20.893+05:30 DEBUG 94736 --- [nio-8081-exec-8] o.s.security.web.FilterChainProxy        : Securing GET /error
2026-01-18T05:12:20.896+05:30 DEBUG 94736 --- [nio-8081-exec-8] o.s.security.web.FilterChainProxy        : Secured GET /error
2026-01-18T05:12:20.899+05:30 DEBUG 94736 --- [nio-8081-exec-8] o.s.s.w.a.AnonymousAuthenticationFilter  : Set SecurityContextHolder to anonymous SecurityContext
2026-01-18T05:12:21.396+05:30 DEBUG 94736 --- [nio-8081-exec-2] o.s.security.web.FilterChainProxy        : Securing GET /frontend/Javascript/home.js?v=7
2026-01-18T05:12:21.396+05:30 DEBUG 94736 --- [io-8081-exec-10] o.s.security.web.FilterChainProxy        : Securing GET /frontend/Javascript/role-checker.js?v=20251101-1
2026-01-18T05:12:21.396+05:30 DEBUG 94736 --- [nio-8081-exec-1] o.s.security.web.FilterChainProxy        : Securing GET /frontend/Javascript/api.js
2026-01-18T05:12:21.396+05:30 DEBUG 94736 --- [nio-8081-exec-9] o.s.security.web.FilterChainProxy        : Securing GET /frontend/Javascript/notifications.js
2026-01-18T05:12:21.396+05:30 DEBUG 94736 --- [nio-8081-exec-4] o.s.security.web.FilterChainProxy        : Securing GET /frontend/Javascript/component-loader.js
2026-01-18T05:12:21.396+05:30 DEBUG 94736 --- [nio-8081-exec-3] o.s.security.web.FilterChainProxy        : Securing GET /frontend/Javascript/main.js?v=20251101-1
2026-01-18T05:12:21.396+05:30 DEBUG 94736 --- [nio-8081-exec-3] o.s.s.w.a.AnonymousAuthenticationFilter  : Set SecurityContextHolder to anonymous SecurityContext
2026-01-18T05:12:21.396+05:30 DEBUG 94736 --- [nio-8081-exec-9] o.s.s.w.a.AnonymousAuthenticationFilter  : Set SecurityContextHolder to anonymous SecurityContext
2026-01-18T05:12:21.396+05:30 DEBUG 94736 --- [nio-8081-exec-2] o.s.s.w.a.AnonymousAuthenticationFilter  : Set SecurityContextHolder to anonymous SecurityContext
2026-01-18T05:12:21.396+05:30 DEBUG 94736 --- [nio-8081-exec-4] o.s.s.w.a.AnonymousAuthenticationFilter  : Set SecurityContextHolder to anonymous SecurityContext
2026-01-18T05:12:21.396+05:30 DEBUG 94736 --- [io-8081-exec-10] o.s.s.w.a.AnonymousAuthenticationFilter  : Set SecurityContextHolder to anonymous SecurityContext
2026-01-18T05:12:21.396+05:30 DEBUG 94736 --- [nio-8081-exec-1] o.s.s.w.a.AnonymousAuthenticationFilter  : Set SecurityContextHolder to anonymous SecurityContext
2026-01-18T05:12:21.405+05:30 DEBUG 94736 --- [io-8081-exec-10] o.s.security.web.FilterChainProxy        : Secured GET /frontend/Javascript/role-checker.js?v=20251101-1
2026-01-18T05:12:21.406+05:30 DEBUG 94736 --- [nio-8081-exec-1] o.s.security.web.FilterChainProxy        : Secured GET /frontend/Javascript/api.js
2026-01-18T05:12:21.406+05:30 DEBUG 94736 --- [nio-8081-exec-3] o.s.security.web.FilterChainProxy        : Secured GET /frontend/Javascript/main.js?v=20251101-1
2026-01-18T05:12:21.406+05:30 DEBUG 94736 --- [nio-8081-exec-4] o.s.security.web.FilterChainProxy        : Secured GET /frontend/Javascript/component-loader.js
2026-01-18T05:12:21.406+05:30 DEBUG 94736 --- [nio-8081-exec-9] o.s.security.web.FilterChainProxy        : Secured GET /frontend/Javascript/notifications.js
2026-01-18T05:12:21.407+05:30 DEBUG 94736 --- [nio-8081-exec-2] o.s.security.web.FilterChainProxy        : Secured GET /frontend/Javascript/home.js?v=7
2026-01-18T05:12:21.477+05:30 DEBUG 94736 --- [nio-8081-exec-5] o.s.security.web.FilterChainProxy        : Securing GET /frontend/img/why-choose-flatery.png
2026-01-18T05:12:21.479+05:30 DEBUG 94736 --- [nio-8081-exec-5] o.s.s.w.a.AnonymousAuthenticationFilter  : Set SecurityContextHolder to anonymous SecurityContext
2026-01-18T05:12:21.493+05:30 DEBUG 94736 --- [nio-8081-exec-6] o.s.security.web.FilterChainProxy        : Securing GET /api/properties?lat=30.705352178608717&lng=76.64663366782622&radiusKm=10
2026-01-18T05:12:21.494+05:30 DEBUG 94736 --- [nio-8081-exec-6] o.s.s.w.a.AnonymousAuthenticationFilter  : Set SecurityContextHolder to anonymous SecurityContext
2026-01-18T05:12:21.494+05:30 DEBUG 94736 --- [nio-8081-exec-5] o.s.security.web.FilterChainProxy        : Secured GET /frontend/img/why-choose-flatery.png
2026-01-18T05:12:21.495+05:30 DEBUG 94736 --- [nio-8081-exec-6] o.s.security.web.FilterChainProxy        : Secured GET /api/properties?lat=30.705352178608717&lng=76.64663366782622&radiusKm=10
Hibernate: 
    select
        p1_0.id,
        p1_0.age,
        p1_0.all_day,
        p1_0.available_from,
        p1_0.balcony,
        p1_0.bathrooms,
        p1_0.bhk_type,
        p1_0.built_up_area_sqft,
        p1_0.city,
        p1_0.current_condition,
        p1_0.current_floor,
        p1_0.description,
        p1_0.expected_deposit,
        p1_0.expected_rent,
        p1_0.facing,
        p1_0.flat_number,
        p1_0.furnishing,
        p1_0.landmark,
        p1_0.latitude,
        p1_0.location,
        p1_0.longitude,
        p1_0.monthly_maintenance,
        p1_0.name,
        p1_0.rent_negotiable,
        p1_0.owner_id,
        p1_0.parking,
        p1_0.pg_seater,
        p1_0.posted_on,
        p1_0.schedule_availability,
        p1_0.schedule_end,
        p1_0.schedule_start,
        p1_0.status,
        p1_0.total_floor,
        p1_0.type,
        p1_0.who_shows 
    from
        properties p1_0
Hibernate: 
    select
        p1_0.property_id,
        p1_0.tenant_type 
    from
        property_preferred_tenants p1_0 
    where
        p1_0.property_id=?
Hibernate: 
    select
        a1_0.property_id,
        a1_0.amenity 
    from
        property_amenities a1_0 
    where
        a1_0.property_id=?
Hibernate: 
    select
        p1_0.property_id,
        p1_0.tenant_type 
    from
        property_preferred_tenants p1_0 
    where
        p1_0.property_id=?
Hibernate: 
    select
        a1_0.property_id,
        a1_0.amenity 
    from
        property_amenities a1_0 
    where
        a1_0.property_id=?
Hibernate: 
    select
        p1_0.property_id,
        p1_0.tenant_type 
    from
        property_preferred_tenants p1_0 
    where
        p1_0.property_id=?
Hibernate: 
    select
        a1_0.property_id,
        a1_0.amenity 
    from
        property_amenities a1_0 
    where
        a1_0.property_id=?
2026-01-18T05:12:21.584+05:30 DEBUG 94736 --- [nio-8081-exec-7] o.s.security.web.FilterChainProxy        : Securing GET /frontend/components/navbar.html
2026-01-18T05:12:21.586+05:30 DEBUG 94736 --- [nio-8081-exec-7] o.s.s.w.a.AnonymousAuthenticationFilter  : Set SecurityContextHolder to anonymous SecurityContext
Hibernate: 
    select
        p1_0.property_id,
        p1_0.tenant_type 
    from
        property_preferred_tenants p1_0 
    where
        p1_0.property_id=?
2026-01-18T05:12:21.591+05:30 DEBUG 94736 --- [nio-8081-exec-8] o.s.security.web.FilterChainProxy        : Securing GET /frontend/img/icon.png
Hibernate: 
    select
        a1_0.property_id,
        a1_0.amenity 
    from
        property_amenities a1_0 
    where
        a1_0.property_id=?
2026-01-18T05:12:21.591+05:30 DEBUG 94736 --- [nio-8081-exec-8] o.s.s.w.a.AnonymousAuthenticationFilter  : Set SecurityContextHolder to anonymous SecurityContext
Hibernate: 
    select
        p1_0.property_id,
        p1_0.tenant_type 
    from
        property_preferred_tenants p1_0 
    where
        p1_0.property_id=?
2026-01-18T05:12:21.595+05:30 DEBUG 94736 --- [nio-8081-exec-7] o.s.security.web.FilterChainProxy        : Secured GET /frontend/components/navbar.html
Hibernate: 
    select
        a1_0.property_id,
        a1_0.amenity 
    from
        property_amenities a1_0 
    where
        a1_0.property_id=?
Hibernate: 
    select
        p1_0.property_id,
        p1_0.tenant_type 
    from
        property_preferred_tenants p1_0 
    where
        p1_0.property_id=?
2026-01-18T05:12:21.599+05:30 DEBUG 94736 --- [nio-8081-exec-8] o.s.security.web.FilterChainProxy        : Secured GET /frontend/img/icon.png
Hibernate: 
    select
        a1_0.property_id,
        a1_0.amenity 
    from
        property_amenities a1_0 
    where
        a1_0.property_id=?
Hibernate: 
    select
        p1_0.property_id,
        p1_0.tenant_type 
    from
        property_preferred_tenants p1_0 
    where
        p1_0.property_id=?
Hibernate: 
    select
        a1_0.property_id,
        a1_0.amenity 
    from
        property_amenities a1_0 
    where
        a1_0.property_id=?
2026-01-18T05:12:21.609+05:30 DEBUG 94736 --- [nio-8081-exec-9] o.s.security.web.FilterChainProxy        : Securing GET /frontend/components/footer.html
2026-01-18T05:12:21.609+05:30 DEBUG 94736 --- [nio-8081-exec-1] o.s.security.web.FilterChainProxy        : Securing GET /frontend/img/logo.png
2026-01-18T05:12:21.609+05:30 DEBUG 94736 --- [nio-8081-exec-9] o.s.s.w.a.AnonymousAuthenticationFilter  : Set SecurityContextHolder to anonymous SecurityContext
2026-01-18T05:12:21.609+05:30 DEBUG 94736 --- [nio-8081-exec-1] o.s.s.w.a.AnonymousAuthenticationFilter  : Set SecurityContextHolder to anonymous SecurityContext
2026-01-18T05:12:21.616+05:30 DEBUG 94736 --- [nio-8081-exec-9] o.s.security.web.FilterChainProxy        : Secured GET /frontend/components/footer.html
2026-01-18T05:12:21.616+05:30 DEBUG 94736 --- [nio-8081-exec-1] o.s.security.web.FilterChainProxy        : Secured GET /frontend/img/logo.png
Hibernate: 
    select
        p1_0.id,
        p1_0.caption,
        p1_0.position,
        p1_0.is_primary,
        p1_0.property_id,
        p1_0.url 
    from
        property_images p1_0 
    where
        p1_0.property_id=? 
    order by
        p1_0.position
2026-01-18T05:12:21.631+05:30 DEBUG 94736 --- [nio-8081-exec-4] o.s.security.web.FilterChainProxy        : Securing GET /frontend/img/logo.png
2026-01-18T05:12:21.631+05:30 DEBUG 94736 --- [nio-8081-exec-4] o.s.s.w.a.AnonymousAuthenticationFilter  : Set SecurityContextHolder to anonymous SecurityContext
2026-01-18T05:12:21.632+05:30 DEBUG 94736 --- [nio-8081-exec-3] o.s.security.web.FilterChainProxy        : Securing GET /frontend/components/modals.html
2026-01-18T05:12:21.632+05:30 DEBUG 94736 --- [nio-8081-exec-3] o.s.s.w.a.AnonymousAuthenticationFilter  : Set SecurityContextHolder to anonymous SecurityContext
2026-01-18T05:12:21.642+05:30 DEBUG 94736 --- [nio-8081-exec-4] o.s.security.web.FilterChainProxy        : Secured GET /frontend/img/logo.png
2026-01-18T05:12:21.643+05:30 DEBUG 94736 --- [nio-8081-exec-3] o.s.security.web.FilterChainProxy        : Secured GET /frontend/components/modals.html
Hibernate: 
    select
        u1_0.id,
        u1_0.created_at,
        u1_0.email,
        u1_0.first_name,
        u1_0.last_name,
        u1_0.password,
        u1_0.phone_number,
        u1_0.updated_at,
        u1_0.username 
    from
        users u1_0 
    where
        u1_0.id=?
Hibernate: 
    select
        p1_0.id,
        p1_0.caption,
        p1_0.position,
        p1_0.is_primary,
        p1_0.property_id,
        p1_0.url 
    from
        property_images p1_0 
    where
        p1_0.property_id=? 
    order by
        p1_0.position
2026-01-18T05:12:21.653+05:30 DEBUG 94736 --- [io-8081-exec-10] o.s.security.web.FilterChainProxy        : Securing GET /frontend/img/logo.png
2026-01-18T05:12:21.655+05:30 DEBUG 94736 --- [io-8081-exec-10] o.s.s.w.a.AnonymousAuthenticationFilter  : Set SecurityContextHolder to anonymous SecurityContext
Hibernate: 
    select
        p1_0.id,
        p1_0.caption,
        p1_0.position,
        p1_0.is_primary,
        p1_0.property_id,
        p1_0.url 
    from
        property_images p1_0 
    where
        p1_0.property_id=? 
    order by
        p1_0.position
2026-01-18T05:12:21.661+05:30 DEBUG 94736 --- [io-8081-exec-10] o.s.security.web.FilterChainProxy        : Secured GET /frontend/img/logo.png
2026-01-18T05:12:21.723+05:30 DEBUG 94736 --- [nio-8081-exec-2] o.s.security.web.FilterChainProxy        : Securing GET /frontend/index.html
2026-01-18T05:12:21.724+05:30 DEBUG 94736 --- [nio-8081-exec-2] o.s.s.w.a.AnonymousAuthenticationFilter  : Set SecurityContextHolder to anonymous SecurityContext
2026-01-18T05:12:21.734+05:30 DEBUG 94736 --- [nio-8081-exec-2] o.s.security.web.FilterChainProxy        : Secured GET /frontend/index.html
2026-01-18T05:12:21.770+05:30 DEBUG 94736 --- [nio-8081-exec-5] o.s.security.web.FilterChainProxy        : Securing GET /frontend/css/style.css?v=5
2026-01-18T05:12:21.772+05:30 DEBUG 94736 --- [nio-8081-exec-5] o.s.s.w.a.AnonymousAuthenticationFilter  : Set SecurityContextHolder to anonymous SecurityContext
2026-01-18T05:12:21.773+05:30 DEBUG 94736 --- [nio-8081-exec-7] o.s.security.web.FilterChainProxy        : Securing GET /frontend/img/why-choose-flatery.png
2026-01-18T05:12:21.774+05:30 DEBUG 94736 --- [nio-8081-exec-7] o.s.s.w.a.AnonymousAuthenticationFilter  : Set SecurityContextHolder to anonymous SecurityContext
2026-01-18T05:12:21.787+05:30 DEBUG 94736 --- [nio-8081-exec-5] o.s.security.web.FilterChainProxy        : Secured GET /frontend/css/style.css?v=5
2026-01-18T05:12:21.788+05:30 DEBUG 94736 --- [nio-8081-exec-7] o.s.security.web.FilterChainProxy        : Secured GET /frontend/img/why-choose-flatery.png
2026-01-18T05:12:21.790+05:30 DEBUG 94736 --- [nio-8081-exec-8] o.s.security.web.FilterChainProxy        : Securing GET /.well-known/appspecific/com.chrome.devtools.json
2026-01-18T05:12:21.791+05:30 DEBUG 94736 --- [nio-8081-exec-8] o.s.s.w.a.AnonymousAuthenticationFilter  : Set SecurityContextHolder to anonymous SecurityContext
2026-01-18T05:12:21.811+05:30 DEBUG 94736 --- [nio-8081-exec-8] o.s.s.w.a.Http403ForbiddenEntryPoint     : Pre-authenticated entry point called. Rejecting access
2026-01-18T05:12:21.812+05:30 DEBUG 94736 --- [nio-8081-exec-8] o.s.security.web.FilterChainProxy        : Securing GET /error
2026-01-18T05:12:21.815+05:30 DEBUG 94736 --- [nio-8081-exec-8] o.s.security.web.FilterChainProxy        : Secured GET /error
2026-01-18T05:12:21.818+05:30 DEBUG 94736 --- [nio-8081-exec-8] o.s.s.w.a.AnonymousAuthenticationFilter  : Set SecurityContextHolder to anonymous SecurityContext
2026-01-18T05:12:22.365+05:30 DEBUG 94736 --- [nio-8081-exec-9] o.s.security.web.FilterChainProxy        : Securing GET /frontend/Javascript/main.js?v=20251101-1
2026-01-18T05:12:22.365+05:30 DEBUG 94736 --- [nio-8081-exec-4] o.s.security.web.FilterChainProxy        : Securing GET /frontend/Javascript/api.js
2026-01-18T05:12:22.365+05:30 DEBUG 94736 --- [nio-8081-exec-3] o.s.security.web.FilterChainProxy        : Securing GET /frontend/Javascript/notifications.js
2026-01-18T05:12:22.365+05:30 DEBUG 94736 --- [nio-8081-exec-1] o.s.security.web.FilterChainProxy        : Securing GET /frontend/Javascript/component-loader.js
2026-01-18T05:12:22.366+05:30 DEBUG 94736 --- [nio-8081-exec-4] o.s.s.w.a.AnonymousAuthenticationFilter  : Set SecurityContextHolder to anonymous SecurityContext
2026-01-18T05:12:22.366+05:30 DEBUG 94736 --- [nio-8081-exec-1] o.s.s.w.a.AnonymousAuthenticationFilter  : Set SecurityContextHolder to anonymous SecurityContext
2026-01-18T05:12:22.366+05:30 DEBUG 94736 --- [nio-8081-exec-9] o.s.s.w.a.AnonymousAuthenticationFilter  : Set SecurityContextHolder to anonymous SecurityContext
2026-01-18T05:12:22.366+05:30 DEBUG 94736 --- [nio-8081-exec-3] o.s.s.w.a.AnonymousAuthenticationFilter  : Set SecurityContextHolder to anonymous SecurityContext
2026-01-18T05:12:22.366+05:30 DEBUG 94736 --- [io-8081-exec-10] o.s.security.web.FilterChainProxy        : Securing GET /frontend/Javascript/home.js?v=7
2026-01-18T05:12:22.366+05:30 DEBUG 94736 --- [nio-8081-exec-2] o.s.security.web.FilterChainProxy        : Securing GET /frontend/Javascript/role-checker.js?v=20251101-1
2026-01-18T05:12:22.366+05:30 DEBUG 94736 --- [io-8081-exec-10] o.s.s.w.a.AnonymousAuthenticationFilter  : Set SecurityContextHolder to anonymous SecurityContext
2026-01-18T05:12:22.367+05:30 DEBUG 94736 --- [nio-8081-exec-2] o.s.s.w.a.AnonymousAuthenticationFilter  : Set SecurityContextHolder to anonymous SecurityContext
2026-01-18T05:12:22.373+05:30 DEBUG 94736 --- [nio-8081-exec-1] o.s.security.web.FilterChainProxy        : Secured GET /frontend/Javascript/component-loader.js
2026-01-18T05:12:22.373+05:30 DEBUG 94736 --- [nio-8081-exec-3] o.s.security.web.FilterChainProxy        : Secured GET /frontend/Javascript/notifications.js
2026-01-18T05:12:22.374+05:30 DEBUG 94736 --- [nio-8081-exec-9] o.s.security.web.FilterChainProxy        : Secured GET /frontend/Javascript/main.js?v=20251101-1
2026-01-18T05:12:22.373+05:30 DEBUG 94736 --- [nio-8081-exec-4] o.s.security.web.FilterChainProxy        : Secured GET /frontend/Javascript/api.js
2026-01-18T05:12:22.374+05:30 DEBUG 94736 --- [nio-8081-exec-2] o.s.security.web.FilterChainProxy        : Secured GET /frontend/Javascript/role-checker.js?v=20251101-1
2026-01-18T05:12:22.375+05:30 DEBUG 94736 --- [io-8081-exec-10] o.s.security.web.FilterChainProxy        : Secured GET /frontend/Javascript/home.js?v=7
2026-01-18T05:12:22.447+05:30 DEBUG 94736 --- [nio-8081-exec-6] o.s.security.web.FilterChainProxy        : Securing GET /frontend/img/icon.png
2026-01-18T05:12:22.447+05:30 DEBUG 94736 --- [nio-8081-exec-6] o.s.s.w.a.AnonymousAuthenticationFilter  : Set SecurityContextHolder to anonymous SecurityContext
2026-01-18T05:12:22.453+05:30 DEBUG 94736 --- [nio-8081-exec-6] o.s.security.web.FilterChainProxy        : Secured GET /frontend/img/icon.png
2026-01-18T05:12:22.495+05:30 DEBUG 94736 --- [nio-8081-exec-5] o.s.security.web.FilterChainProxy        : Securing GET /frontend/components/navbar.html
2026-01-18T05:12:22.496+05:30 DEBUG 94736 --- [nio-8081-exec-5] o.s.s.w.a.AnonymousAuthenticationFilter  : Set SecurityContextHolder to anonymous SecurityContext
2026-01-18T05:12:22.500+05:30 DEBUG 94736 --- [nio-8081-exec-5] o.s.security.web.FilterChainProxy        : Secured GET /frontend/components/navbar.html
2026-01-18T05:12:22.500+05:30 DEBUG 94736 --- [nio-8081-exec-7] o.s.security.web.FilterChainProxy        : Securing GET /api/properties?lat=30.70535217757302&lng=76.64663366247623&radiusKm=10
2026-01-18T05:12:22.500+05:30 DEBUG 94736 --- [nio-8081-exec-7] o.s.s.w.a.AnonymousAuthenticationFilter  : Set SecurityContextHolder to anonymous SecurityContext
2026-01-18T05:12:22.501+05:30 DEBUG 94736 --- [nio-8081-exec-7] o.s.security.web.FilterChainProxy        : Secured GET /api/properties?lat=30.70535217757302&lng=76.64663366247623&radiusKm=10
Hibernate: 
    select
        p1_0.id,
        p1_0.age,
        p1_0.all_day,
        p1_0.available_from,
        p1_0.balcony,
        p1_0.bathrooms,
        p1_0.bhk_type,
        p1_0.built_up_area_sqft,
        p1_0.city,
        p1_0.current_condition,
        p1_0.current_floor,
        p1_0.description,
        p1_0.expected_deposit,
        p1_0.expected_rent,
        p1_0.facing,
        p1_0.flat_number,
        p1_0.furnishing,
        p1_0.landmark,
        p1_0.latitude,
        p1_0.location,
        p1_0.longitude,
        p1_0.monthly_maintenance,
        p1_0.name,
        p1_0.rent_negotiable,
        p1_0.owner_id,
        p1_0.parking,
        p1_0.pg_seater,
        p1_0.posted_on,
        p1_0.schedule_availability,
        p1_0.schedule_end,
        p1_0.schedule_start,
        p1_0.status,
        p1_0.total_floor,
        p1_0.type,
        p1_0.who_shows 
    from
        properties p1_0
2026-01-18T05:12:22.508+05:30 DEBUG 94736 --- [nio-8081-exec-8] o.s.security.web.FilterChainProxy        : Securing GET /frontend/img/logo.png
2026-01-18T05:12:22.509+05:30 DEBUG 94736 --- [nio-8081-exec-8] o.s.s.w.a.AnonymousAuthenticationFilter  : Set SecurityContextHolder to anonymous SecurityContext
2026-01-18T05:12:22.509+05:30 DEBUG 94736 --- [nio-8081-exec-4] o.s.security.web.FilterChainProxy        : Securing GET /frontend/components/footer.html
2026-01-18T05:12:22.509+05:30 DEBUG 94736 --- [nio-8081-exec-4] o.s.s.w.a.AnonymousAuthenticationFilter  : Set SecurityContextHolder to anonymous SecurityContext
Hibernate: 
    select
        p1_0.property_id,
        p1_0.tenant_type 
    from
        property_preferred_tenants p1_0 
    where
        p1_0.property_id=?
2026-01-18T05:12:22.514+05:30 DEBUG 94736 --- [nio-8081-exec-8] o.s.security.web.FilterChainProxy        : Secured GET /frontend/img/logo.png
2026-01-18T05:12:22.515+05:30 DEBUG 94736 --- [nio-8081-exec-4] o.s.security.web.FilterChainProxy        : Secured GET /frontend/components/footer.html
Hibernate: 
    select
        a1_0.property_id,
        a1_0.amenity 
    from
        property_amenities a1_0 
    where
        a1_0.property_id=?
Hibernate: 
    select
        p1_0.property_id,
        p1_0.tenant_type 
    from
        property_preferred_tenants p1_0 
    where
        p1_0.property_id=?
Hibernate: 
    select
        a1_0.property_id,
        a1_0.amenity 
    from
        property_amenities a1_0 
    where
        a1_0.property_id=?
2026-01-18T05:12:22.524+05:30 DEBUG 94736 --- [nio-8081-exec-2] o.s.security.web.FilterChainProxy        : Securing GET /frontend/img/logo.png
2026-01-18T05:12:22.524+05:30 DEBUG 94736 --- [nio-8081-exec-3] o.s.security.web.FilterChainProxy        : Securing GET /frontend/components/modals.html
Hibernate: 
    select
        p1_0.property_id,
        p1_0.tenant_type 
    from
        property_preferred_tenants p1_0 
    where
        p1_0.property_id=?
2026-01-18T05:12:22.524+05:30 DEBUG 94736 --- [nio-8081-exec-3] o.s.s.w.a.AnonymousAuthenticationFilter  : Set SecurityContextHolder to anonymous SecurityContext
2026-01-18T05:12:22.524+05:30 DEBUG 94736 --- [nio-8081-exec-2] o.s.s.w.a.AnonymousAuthenticationFilter  : Set SecurityContextHolder to anonymous SecurityContext
Hibernate: 
    select
        a1_0.property_id,
        a1_0.amenity 
    from
        property_amenities a1_0 
    where
        a1_0.property_id=?
Hibernate: 
    select
        p1_0.property_id,
        p1_0.tenant_type 
    from
        property_preferred_tenants p1_0 
    where
        p1_0.property_id=?
2026-01-18T05:12:22.529+05:30 DEBUG 94736 --- [nio-8081-exec-2] o.s.security.web.FilterChainProxy        : Secured GET /frontend/img/logo.png
2026-01-18T05:12:22.530+05:30 DEBUG 94736 --- [nio-8081-exec-3] o.s.security.web.FilterChainProxy        : Secured GET /frontend/components/modals.html
Hibernate: 
    select
        a1_0.property_id,
        a1_0.amenity 
    from
        property_amenities a1_0 
    where
        a1_0.property_id=?
Hibernate: 
    select
        p1_0.property_id,
        p1_0.tenant_type 
    from
        property_preferred_tenants p1_0 
    where
        p1_0.property_id=?
Hibernate: 
    select
        a1_0.property_id,
        a1_0.amenity 
    from
        property_amenities a1_0 
    where
        a1_0.property_id=?
Hibernate: 
    select
        p1_0.property_id,
        p1_0.tenant_type 
    from
        property_preferred_tenants p1_0 
    where
        p1_0.property_id=?
2026-01-18T05:12:22.537+05:30 DEBUG 94736 --- [nio-8081-exec-1] o.s.security.web.FilterChainProxy        : Securing GET /frontend/img/logo.png
2026-01-18T05:12:22.538+05:30 DEBUG 94736 --- [nio-8081-exec-1] o.s.s.w.a.AnonymousAuthenticationFilter  : Set SecurityContextHolder to anonymous SecurityContext
Hibernate: 
    select
        a1_0.property_id,
        a1_0.amenity 
    from
        property_amenities a1_0 
    where
        a1_0.property_id=?
Hibernate: 
    select
        p1_0.property_id,
        p1_0.tenant_type 
    from
        property_preferred_tenants p1_0 
    where
        p1_0.property_id=?
Hibernate: 
    select
        a1_0.property_id,
        a1_0.amenity 
    from
        property_amenities a1_0 
    where
        a1_0.property_id=?
2026-01-18T05:12:22.542+05:30 DEBUG 94736 --- [nio-8081-exec-1] o.s.security.web.FilterChainProxy        : Secured GET /frontend/img/logo.png
Hibernate: 
    select
        p1_0.id,
        p1_0.caption,
        p1_0.position,
        p1_0.is_primary,
        p1_0.property_id,
        p1_0.url 
    from
        property_images p1_0 
    where
        p1_0.property_id=? 
    order by
        p1_0.position
Hibernate: 
    select
        u1_0.id,
        u1_0.created_at,
        u1_0.email,
        u1_0.first_name,
        u1_0.last_name,
        u1_0.password,
        u1_0.phone_number,
        u1_0.updated_at,
        u1_0.username 
    from
        users u1_0 
    where
        u1_0.id=?
Hibernate: 
    select
        p1_0.id,
        p1_0.caption,
        p1_0.position,
        p1_0.is_primary,
        p1_0.property_id,
        p1_0.url 
    from
        property_images p1_0 
    where
        p1_0.property_id=? 
    order by
        p1_0.position
Hibernate: 
    select
        p1_0.id,
        p1_0.caption,
        p1_0.position,
        p1_0.is_primary,
        p1_0.property_id,
        p1_0.url 
    from
        property_images p1_0 
    where
        p1_0.property_id=? 
    order by
        p1_0.position
2026-01-18T05:12:22.578+05:30 DEBUG 94736 --- [nio-8081-exec-6] o.s.security.web.FilterChainProxy        : Securing GET /api/properties/3/views
2026-01-18T05:12:22.578+05:30 DEBUG 94736 --- [nio-8081-exec-9] o.s.security.web.FilterChainProxy        : Securing GET /api/properties/7/views
2026-01-18T05:12:22.578+05:30 DEBUG 94736 --- [io-8081-exec-10] o.s.security.web.FilterChainProxy        : Securing GET /api/properties/4/views
2026-01-18T05:12:22.579+05:30 DEBUG 94736 --- [io-8081-exec-10] o.s.s.w.a.AnonymousAuthenticationFilter  : Set SecurityContextHolder to anonymous SecurityContext
2026-01-18T05:12:22.579+05:30 DEBUG 94736 --- [nio-8081-exec-9] o.s.s.w.a.AnonymousAuthenticationFilter  : Set SecurityContextHolder to anonymous SecurityContext
2026-01-18T05:12:22.579+05:30 DEBUG 94736 --- [nio-8081-exec-6] o.s.s.w.a.AnonymousAuthenticationFilter  : Set SecurityContextHolder to anonymous SecurityContext
2026-01-18T05:12:22.581+05:30 DEBUG 94736 --- [nio-8081-exec-9] o.s.security.web.FilterChainProxy        : Secured GET /api/properties/7/views
2026-01-18T05:12:22.581+05:30 DEBUG 94736 --- [nio-8081-exec-6] o.s.security.web.FilterChainProxy        : Secured GET /api/properties/3/views
2026-01-18T05:12:22.581+05:30 DEBUG 94736 --- [io-8081-exec-10] o.s.security.web.FilterChainProxy        : Secured GET /api/properties/4/views
Hibernate: 
    select
        count(p1_0.id) 
    from
        property_views p1_0 
    where
        p1_0.property_id=? 
        and p1_0.is_owner_view=0
Hibernate: 
    select
        count(p1_0.id) 
    from
        property_views p1_0 
    where
        p1_0.property_id=? 
        and p1_0.is_owner_view=0
Hibernate: 
    select
        count(p1_0.id) 
    from
        property_views p1_0 
    where
        p1_0.property_id=? 
        and p1_0.is_owner_view=0
Hibernate: 
    select
        count(distinct p1_0.user_id) 
    from
        property_views p1_0 
    where
        p1_0.property_id=? 
        and p1_0.user_id is not null 
        and p1_0.is_owner_view=0
Hibernate: 
    select
        count(distinct p1_0.user_id) 
    from
        property_views p1_0 
    where
        p1_0.property_id=? 
        and p1_0.user_id is not null 
        and p1_0.is_owner_view=0
Hibernate: 
    select
        count(distinct p1_0.user_id) 
    from
        property_views p1_0 
    where
        p1_0.property_id=? 
        and p1_0.user_id is not null 
        and p1_0.is_owner_view=0
2026-01-18T05:12:22.608+05:30 DEBUG 94736 --- [nio-8081-exec-5] o.s.security.web.FilterChainProxy        : Securing GET /uploads/properties/3/23417d8e-a373-4aeb-9018-6d53b52156eb.jpg
2026-01-18T05:12:22.609+05:30 DEBUG 94736 --- [nio-8081-exec-5] o.s.s.w.a.AnonymousAuthenticationFilter  : Set SecurityContextHolder to anonymous SecurityContext
2026-01-18T05:12:22.633+05:30 DEBUG 94736 --- [nio-8081-exec-5] o.s.security.web.FilterChainProxy        : Secured GET /uploads/properties/3/23417d8e-a373-4aeb-9018-6d53b52156eb.jpg
2026-01-18T05:12:43.811+05:30 DEBUG 94736 --- [nio-8081-exec-4] o.s.security.web.FilterChainProxy        : Securing POST /api/auth/password-reset/forgot-password
2026-01-18T05:12:43.840+05:30 DEBUG 94736 --- [nio-8081-exec-4] o.s.s.w.a.AnonymousAuthenticationFilter  : Set SecurityContextHolder to anonymous SecurityContext
2026-01-18T05:12:43.844+05:30 DEBUG 94736 --- [nio-8081-exec-4] o.s.security.web.FilterChainProxy        : Secured POST /api/auth/password-reset/forgot-password
2026-01-18T05:12:44.021+05:30  INFO 94736 --- [nio-8081-exec-4] c.F.C.auth.PasswordResetController       : Forgot password request for email: adityaraj2k21@gmail.com
Hibernate: 
    select
        u1_0.id,
        u1_0.created_at,
        u1_0.email,
        u1_0.first_name,
        u1_0.last_name,
        u1_0.password,
        u1_0.phone_number,
        u1_0.updated_at,
        u1_0.username 
    from
        users u1_0 
    where
        u1_0.email=?
Hibernate: 
    select
        count(p1_0.id) 
    from
        password_reset_otp p1_0 
    where
        p1_0.email=? 
        and p1_0.created_at>?
2026-01-18T05:12:44.058+05:30  WARN 94736 --- [nio-8081-exec-4] c.F.C.auth.PasswordResetController       : Rate limit or other error for email: adityaraj2k21@gmail.com, Error: OTP request rate limited. Please try again after 1 minute(s)
Hibernate: 
    select
        e1_0.id,
        e1_0.attempts,
        e1_0.body_html,
        e1_0.body_text,
        e1_0.created_at,
        e1_0.email_type,
        e1_0.last_error,
        e1_0.recipient,
        e1_0.scheduled_at,
        e1_0.status,
        e1_0.subject,
        e1_0.updated_at 
    from
        email_queue e1_0 
    where
        e1_0.status='PENDING' 
        and e1_0.scheduled_at<=? 
    order by
        e1_0.scheduled_at
2026-01-18T05:13:05.375+05:30 DEBUG 94736 --- [nio-8081-exec-8] o.s.security.web.FilterChainProxy        : Securing POST /api/auth/password-reset/forgot-password
2026-01-18T05:13:05.375+05:30 DEBUG 94736 --- [nio-8081-exec-8] o.s.s.w.a.AnonymousAuthenticationFilter  : Set SecurityContextHolder to anonymous SecurityContext
2026-01-18T05:13:05.376+05:30 DEBUG 94736 --- [nio-8081-exec-8] o.s.security.web.FilterChainProxy        : Secured POST /api/auth/password-reset/forgot-password
2026-01-18T05:13:05.378+05:30  INFO 94736 --- [nio-8081-exec-8] c.F.C.auth.PasswordResetController       : Forgot password request for email: aditya612raj@gmail.com
Hibernate: 
    select
        u1_0.id,
        u1_0.created_at,
        u1_0.email,
        u1_0.first_name,
        u1_0.last_name,
        u1_0.password,
        u1_0.phone_number,
        u1_0.updated_at,
        u1_0.username 
    from
        users u1_0 
    where
        u1_0.email=?
Hibernate: 
    select
        count(p1_0.id) 
    from
        password_reset_otp p1_0 
    where
        p1_0.email=? 
        and p1_0.created_at>?
Hibernate: 
    insert 
    into
        password_reset_otp
        (attempts,created_at,email,expires_at,is_used,otp,user_id) 
    values
        (?,?,?,?,?,?,?)
Hibernate: 
    select
        e1_0.id,
        e1_0.is_active,
        e1_0.created_at,
        e1_0.html_body,
        e1_0.last_updated_by,
        e1_0.placeholders,
        e1_0.subject,
        e1_0.template_key,
        e1_0.text_body,
        e1_0.updated_at 
    from
        email_templates e1_0 
    where
        e1_0.template_key=? 
        and e1_0.is_active 
    limit
        ?
Hibernate: 
    insert 
    into
        email_queue
        (attempts,body_html,body_text,created_at,email_type,last_error,recipient,scheduled_at,status,subject,updated_at) 
    values
        (?,?,?,?,?,?,?,?,?,?,?)
Hibernate: 
    insert 
    into
        email_logs
        (created_at,email_id,email_type,error_message,provider_response,recipient,sent_at,status) 
    values
        (?,?,?,?,?,?,?,?)
2026-01-18T05:13:05.504+05:30  INFO 94736 --- [nio-8081-exec-8] c.Flatery.email.service.EmailDispatcher  : Queued email id=13 type=OTP_RESET_PASSWORD to=aditya612raj@gmail.com scheduledAt=2026-01-17T23:43:05.492195Z
2026-01-18T05:13:05.505+05:30  INFO 94736 --- [nio-8081-exec-8] c.Flatery.service.PasswordResetService   : OTP email queued successfully for: aditya612raj@gmail.com
2026-01-18T05:13:05.505+05:30  INFO 94736 --- [nio-8081-exec-8] c.Flatery.service.PasswordResetService   : OTP generated and sent to email: aditya612raj@gmail.com
Hibernate: 
    select
        p1_0.id,
        p1_0.attempts,
        p1_0.created_at,
        p1_0.email,
        p1_0.expires_at,
        p1_0.is_used,
        p1_0.otp,
        p1_0.user_id 
    from
        password_reset_otp p1_0 
    where
        p1_0.email=? 
        and p1_0.is_used=0 
        and p1_0.expires_at>current_timestamp(6) 
    order by
        p1_0.created_at desc 
    limit
        1
2026-01-18T05:13:07.638+05:30 DEBUG 94736 --- [nio-8081-exec-2] o.s.security.web.FilterChainProxy        : Securing GET /api/notifications/count
2026-01-18T05:13:07.638+05:30 DEBUG 94736 --- [nio-8081-exec-3] o.s.security.web.FilterChainProxy        : Securing GET /api/notifications
Hibernate: 
    select
        u1_0.id,
        u1_0.created_at,
        u1_0.email,
        u1_0.first_name,
        u1_0.last_name,
        u1_0.password,
        u1_0.phone_number,
        u1_0.updated_at,
        u1_0.username 
    from
        users u1_0 
    where
        lower(u1_0.username)=lower(?) 
        or lower(u1_0.email)=lower(?) 
        or u1_0.phone_number=?
Hibernate: 
    select
        u1_0.id,
        u1_0.created_at,
        u1_0.email,
        u1_0.first_name,
        u1_0.last_name,
        u1_0.password,
        u1_0.phone_number,
        u1_0.updated_at,
        u1_0.username 
    from
        users u1_0 
    where
        lower(u1_0.username)=lower(?) 
        or lower(u1_0.email)=lower(?) 
        or u1_0.phone_number=?
Hibernate: 
    select
        r1_0.user_id,
        r1_0.role 
    from
        user_roles r1_0 
    where
        r1_0.user_id=?
Hibernate: 
    select
        r1_0.user_id,
        r1_0.role 
    from
        user_roles r1_0 
    where
        r1_0.user_id=?
2026-01-18T05:13:07.662+05:30 DEBUG 94736 --- [nio-8081-exec-2] o.s.s.w.a.AnonymousAuthenticationFilter  : Set SecurityContextHolder to anonymous SecurityContext
2026-01-18T05:13:07.663+05:30 DEBUG 94736 --- [nio-8081-exec-3] o.s.s.w.a.AnonymousAuthenticationFilter  : Set SecurityContextHolder to anonymous SecurityContext
2026-01-18T05:13:07.666+05:30 DEBUG 94736 --- [nio-8081-exec-2] o.s.s.w.a.Http403ForbiddenEntryPoint     : Pre-authenticated entry point called. Rejecting access
2026-01-18T05:13:07.666+05:30 DEBUG 94736 --- [nio-8081-exec-3] o.s.s.w.a.Http403ForbiddenEntryPoint     : Pre-authenticated entry point called. Rejecting access
2026-01-18T05:13:07.666+05:30 DEBUG 94736 --- [nio-8081-exec-3] o.s.security.web.FilterChainProxy        : Securing GET /error
2026-01-18T05:13:07.666+05:30 DEBUG 94736 --- [nio-8081-exec-2] o.s.security.web.FilterChainProxy        : Securing GET /error
2026-01-18T05:13:07.668+05:30 DEBUG 94736 --- [nio-8081-exec-2] o.s.security.web.FilterChainProxy        : Secured GET /error
2026-01-18T05:13:07.669+05:30 DEBUG 94736 --- [nio-8081-exec-3] o.s.security.web.FilterChainProxy        : Secured GET /error
2026-01-18T05:13:07.671+05:30 DEBUG 94736 --- [nio-8081-exec-3] o.s.s.w.a.AnonymousAuthenticationFilter  : Set SecurityContextHolder to anonymous SecurityContext
2026-01-18T05:13:07.671+05:30 DEBUG 94736 --- [nio-8081-exec-2] o.s.s.w.a.AnonymousAuthenticationFilter  : Set SecurityContextHolder to anonymous SecurityContext
2026-01-18T05:13:07.674+05:30 DEBUG 94736 --- [nio-8081-exec-1] o.s.security.web.FilterChainProxy        : Securing GET /api/notifications
2026-01-18T05:13:07.674+05:30 DEBUG 94736 --- [nio-8081-exec-7] o.s.security.web.FilterChainProxy        : Securing GET /api/notifications/count
Hibernate: 
    select
        u1_0.id,
        u1_0.created_at,
        u1_0.email,
        u1_0.first_name,
        u1_0.last_name,
        u1_0.password,
        u1_0.phone_number,
        u1_0.updated_at,
        u1_0.username 
    from
        users u1_0 
    where
        lower(u1_0.username)=lower(?) 
        or lower(u1_0.email)=lower(?) 
        or u1_0.phone_number=?
Hibernate: 
    select
        u1_0.id,
        u1_0.created_at,
        u1_0.email,
        u1_0.first_name,
        u1_0.last_name,
        u1_0.password,
        u1_0.phone_number,
        u1_0.updated_at,
        u1_0.username 
    from
        users u1_0 
    where
        lower(u1_0.username)=lower(?) 
        or lower(u1_0.email)=lower(?) 
        or u1_0.phone_number=?
Hibernate: 
    select
        r1_0.user_id,
        r1_0.role 
    from
        user_roles r1_0 
    where
        r1_0.user_id=?
Hibernate: 
    select
        r1_0.user_id,
        r1_0.role 
    from
        user_roles r1_0 
    where
        r1_0.user_id=?
2026-01-18T05:13:07.693+05:30 DEBUG 94736 --- [nio-8081-exec-1] o.s.s.w.a.AnonymousAuthenticationFilter  : Set SecurityContextHolder to anonymous SecurityContext
2026-01-18T05:13:07.693+05:30 DEBUG 94736 --- [nio-8081-exec-7] o.s.s.w.a.AnonymousAuthenticationFilter  : Set SecurityContextHolder to anonymous SecurityContext
2026-01-18T05:13:07.694+05:30 DEBUG 94736 --- [nio-8081-exec-1] o.s.s.w.a.Http403ForbiddenEntryPoint     : Pre-authenticated entry point called. Rejecting access
2026-01-18T05:13:07.694+05:30 DEBUG 94736 --- [nio-8081-exec-7] o.s.s.w.a.Http403ForbiddenEntryPoint     : Pre-authenticated entry point called. Rejecting access
2026-01-18T05:13:07.695+05:30 DEBUG 94736 --- [nio-8081-exec-7] o.s.security.web.FilterChainProxy        : Securing GET /error
2026-01-18T05:13:07.695+05:30 DEBUG 94736 --- [nio-8081-exec-1] o.s.security.web.FilterChainProxy        : Securing GET /error
2026-01-18T05:13:07.697+05:30 DEBUG 94736 --- [nio-8081-exec-7] o.s.security.web.FilterChainProxy        : Secured GET /error
2026-01-18T05:13:07.697+05:30 DEBUG 94736 --- [nio-8081-exec-1] o.s.security.web.FilterChainProxy        : Secured GET /error
2026-01-18T05:13:07.698+05:30 DEBUG 94736 --- [nio-8081-exec-1] o.s.s.w.a.AnonymousAuthenticationFilter  : Set SecurityContextHolder to anonymous SecurityContext
2026-01-18T05:13:07.698+05:30 DEBUG 94736 --- [nio-8081-exec-7] o.s.s.w.a.AnonymousAuthenticationFilter  : Set SecurityContextHolder to anonymous SecurityContext
Hibernate: 
    select
        e1_0.id,
        e1_0.attempts,
        e1_0.body_html,
        e1_0.body_text,
        e1_0.created_at,
        e1_0.email_type,
        e1_0.last_error,
        e1_0.recipient,
        e1_0.scheduled_at,
        e1_0.status,
        e1_0.subject,
        e1_0.updated_at 
    from
        email_queue e1_0 
    where
        e1_0.status='PENDING' 
        and e1_0.scheduled_at<=? 
    order by
        e1_0.scheduled_at
Hibernate: 
    select
        e1_0.id,
        e1_0.created_at,
        e1_0.is_enabled,
        e1_0.encrypted_password,
        e1_0.encryption,
        e1_0.from_email,
        e1_0.from_name,
        e1_0.host,
        e1_0.is_paused,
        e1_0.port,
        e1_0.provider,
        e1_0.reply_to,
        e1_0.updated_at,
        e1_0.username 
    from
        email_config e1_0
Hibernate: 
    select
        e1_0.id,
        e1_0.attempts,
        e1_0.body_html,
        e1_0.body_text,
        e1_0.created_at,
        e1_0.email_type,
        e1_0.last_error,
        e1_0.recipient,
        e1_0.scheduled_at,
        e1_0.status,
        e1_0.subject,
        e1_0.updated_at 
    from
        email_queue e1_0 
    where
        e1_0.id=?
Hibernate: 
    update
        email_queue 
    set
        attempts=?,
        body_html=?,
        body_text=?,
        email_type=?,
        last_error=?,
        recipient=?,
        scheduled_at=?,
        status=?,
        subject=?,
        updated_at=? 
    where
        id=?
Hibernate: 
    insert 
    into
        email_logs
        (created_at,email_id,email_type,error_message,provider_response,recipient,sent_at,status) 
    values
        (?,?,?,?,?,?,?,?)
2026-01-18T05:13:38.128+05:30 DEBUG 94736 --- [nio-8081-exec-5] o.s.security.web.FilterChainProxy        : Securing POST /api/auth/password-reset/reset-password
2026-01-18T05:13:38.129+05:30 DEBUG 94736 --- [nio-8081-exec-5] o.s.s.w.a.AnonymousAuthenticationFilter  : Set SecurityContextHolder to anonymous SecurityContext
2026-01-18T05:13:38.129+05:30 DEBUG 94736 --- [nio-8081-exec-5] o.s.security.web.FilterChainProxy        : Secured POST /api/auth/password-reset/reset-password
2026-01-18T05:13:38.156+05:30  INFO 94736 --- [nio-8081-exec-5] c.F.C.auth.PasswordResetController       : Password reset request for email: aditya612raj@gmail.com
Hibernate: 
    select
        u1_0.id,
        u1_0.created_at,
        u1_0.email,
        u1_0.first_name,
        u1_0.last_name,
        u1_0.password,
        u1_0.phone_number,
        u1_0.updated_at,
        u1_0.username 
    from
        users u1_0 
    where
        u1_0.email=?
Hibernate: 
    select
        p1_0.id,
        p1_0.attempts,
        p1_0.created_at,
        p1_0.email,
        p1_0.expires_at,
        p1_0.is_used,
        p1_0.otp,
        p1_0.user_id 
    from
        password_reset_otp p1_0 
    where
        p1_0.email=? 
        and p1_0.is_used=0 
        and p1_0.expires_at>current_timestamp(6) 
    order by
        p1_0.created_at desc 
    limit
        1
2026-01-18T05:13:38.167+05:30  WARN 94736 --- [nio-8081-exec-5] c.F.C.auth.PasswordResetController       : OTP verification failed for email: aditya612raj@gmail.com, Error: No valid OTP found. Please request a new OTP.
Hibernate: 
    select
        e1_0.id,
        e1_0.attempts,
        e1_0.body_html,
        e1_0.body_text,
        e1_0.created_at,
        e1_0.email_type,
        e1_0.last_error,
        e1_0.recipient,
        e1_0.scheduled_at,
        e1_0.status,
        e1_0.subject,
        e1_0.updated_at 
    from
        email_queue e1_0 
    where
        e1_0.status='PENDING' 
        and e1_0.scheduled_at<=? 
    order by
        e1_0.scheduled_at
2026-01-18T05:14:07.641+05:30 DEBUG 94736 --- [nio-8081-exec-7] o.s.security.web.FilterChainProxy        : Securing GET /api/notifications
2026-01-18T05:14:07.641+05:30 DEBUG 94736 --- [nio-8081-exec-3] o.s.security.web.FilterChainProxy        : Securing GET /api/notifications/count
Hibernate: 
    select
        u1_0.id,
        u1_0.created_at,
        u1_0.email,
        u1_0.first_name,
        u1_0.last_name,
        u1_0.password,
        u1_0.phone_number,
        u1_0.updated_at,
        u1_0.username 
    from
        users u1_0 
    where
        lower(u1_0.username)=lower(?) 
        or lower(u1_0.email)=lower(?) 
        or u1_0.phone_number=?
Hibernate: 
    select
        u1_0.id,
        u1_0.created_at,
        u1_0.email,
        u1_0.first_name,
        u1_0.last_name,
        u1_0.password,
        u1_0.phone_number,
        u1_0.updated_at,
        u1_0.username 
    from
        users u1_0 
    where
        lower(u1_0.username)=lower(?) 
        or lower(u1_0.email)=lower(?) 
        or u1_0.phone_number=?
Hibernate: 
    select
        r1_0.user_id,
        r1_0.role 
    from
        user_roles r1_0 
    where
        r1_0.user_id=?
Hibernate: 
    select
        r1_0.user_id,
        r1_0.role 
    from
        user_roles r1_0 
    where
        r1_0.user_id=?
2026-01-18T05:14:07.652+05:30 DEBUG 94736 --- [nio-8081-exec-7] o.s.s.w.a.AnonymousAuthenticationFilter  : Set SecurityContextHolder to anonymous SecurityContext
2026-01-18T05:14:07.652+05:30 DEBUG 94736 --- [nio-8081-exec-3] o.s.s.w.a.AnonymousAuthenticationFilter  : Set SecurityContextHolder to anonymous SecurityContext
2026-01-18T05:14:07.653+05:30 DEBUG 94736 --- [nio-8081-exec-7] o.s.s.w.a.Http403ForbiddenEntryPoint     : Pre-authenticated entry point called. Rejecting access
2026-01-18T05:14:07.653+05:30 DEBUG 94736 --- [nio-8081-exec-3] o.s.s.w.a.Http403ForbiddenEntryPoint     : Pre-authenticated entry point called. Rejecting access
2026-01-18T05:14:07.653+05:30 DEBUG 94736 --- [nio-8081-exec-7] o.s.security.web.FilterChainProxy        : Securing GET /error
2026-01-18T05:14:07.653+05:30 DEBUG 94736 --- [nio-8081-exec-3] o.s.security.web.FilterChainProxy        : Securing GET /error
2026-01-18T05:14:07.655+05:30 DEBUG 94736 --- [nio-8081-exec-3] o.s.security.web.FilterChainProxy        : Secured GET /error
2026-01-18T05:14:07.655+05:30 DEBUG 94736 --- [nio-8081-exec-7] o.s.security.web.FilterChainProxy        : Secured GET /error
2026-01-18T05:14:07.656+05:30 DEBUG 94736 --- [nio-8081-exec-7] o.s.s.w.a.AnonymousAuthenticationFilter  : Set SecurityContextHolder to anonymous SecurityContext
2026-01-18T05:14:07.656+05:30 DEBUG 94736 --- [nio-8081-exec-3] o.s.s.w.a.AnonymousAuthenticationFilter  : Set SecurityContextHolder to anonymous SecurityContext
2026-01-18T05:14:07.657+05:30 DEBUG 94736 --- [nio-8081-exec-9] o.s.security.web.FilterChainProxy        : Securing GET /api/notifications/count
2026-01-18T05:14:07.657+05:30 DEBUG 94736 --- [nio-8081-exec-1] o.s.security.web.FilterChainProxy        : Securing GET /api/notifications
Hibernate: 
    select
        u1_0.id,
        u1_0.created_at,
        u1_0.email,
        u1_0.first_name,
        u1_0.last_name,
        u1_0.password,
        u1_0.phone_number,
        u1_0.updated_at,
        u1_0.username 
    from
        users u1_0 
    where
        lower(u1_0.username)=lower(?) 
        or lower(u1_0.email)=lower(?) 
        or u1_0.phone_number=?
Hibernate: 
    select
        u1_0.id,
        u1_0.created_at,
        u1_0.email,
        u1_0.first_name,
        u1_0.last_name,
        u1_0.password,
        u1_0.phone_number,
        u1_0.updated_at,
        u1_0.username 
    from
        users u1_0 
    where
        lower(u1_0.username)=lower(?) 
        or lower(u1_0.email)=lower(?) 
        or u1_0.phone_number=?
Hibernate: 
    select
        r1_0.user_id,
        r1_0.role 
    from
        user_roles r1_0 
    where
        r1_0.user_id=?
Hibernate: 
    select
        r1_0.user_id,
        r1_0.role 
    from
        user_roles r1_0 
    where
        r1_0.user_id=?
2026-01-18T05:14:07.669+05:30 DEBUG 94736 --- [nio-8081-exec-9] o.s.s.w.a.AnonymousAuthenticationFilter  : Set SecurityContextHolder to anonymous SecurityContext
2026-01-18T05:14:07.669+05:30 DEBUG 94736 --- [nio-8081-exec-1] o.s.s.w.a.AnonymousAuthenticationFilter  : Set SecurityContextHolder to anonymous SecurityContext
2026-01-18T05:14:07.670+05:30 DEBUG 94736 --- [nio-8081-exec-1] o.s.s.w.a.Http403ForbiddenEntryPoint     : Pre-authenticated entry point called. Rejecting access
2026-01-18T05:14:07.670+05:30 DEBUG 94736 --- [nio-8081-exec-9] o.s.s.w.a.Http403ForbiddenEntryPoint     : Pre-authenticated entry point called. Rejecting access
2026-01-18T05:14:07.671+05:30 DEBUG 94736 --- [nio-8081-exec-1] o.s.security.web.FilterChainProxy        : Securing GET /error
2026-01-18T05:14:07.671+05:30 DEBUG 94736 --- [nio-8081-exec-9] o.s.security.web.FilterChainProxy        : Securing GET /error
2026-01-18T05:14:07.672+05:30 DEBUG 94736 --- [nio-8081-exec-9] o.s.security.web.FilterChainProxy        : Secured GET /error
2026-01-18T05:14:07.672+05:30 DEBUG 94736 --- [nio-8081-exec-1] o.s.security.web.FilterChainProxy        : Secured GET /error
2026-01-18T05:14:07.673+05:30 DEBUG 94736 --- [nio-8081-exec-1] o.s.s.w.a.AnonymousAuthenticationFilter  : Set SecurityContextHolder to anonymous SecurityContext
2026-01-18T05:14:07.673+05:30 DEBUG 94736 --- [nio-8081-exec-9] o.s.s.w.a.AnonymousAuthenticationFilter  : Set SecurityContextHolder to anonymous SecurityContext
Hibernate: 
    select
        e1_0.id,
        e1_0.attempts,
        e1_0.body_html,
        e1_0.body_text,
        e1_0.created_at,
        e1_0.email_type,
        e1_0.last_error,
        e1_0.recipient,
        e1_0.scheduled_at,
        e1_0.status,
        e1_0.subject,
        e1_0.updated_at 
    from
        email_queue e1_0 
    where
        e1_0.status='PENDING' 
        and e1_0.scheduled_at<=? 
    order by
        e1_0.scheduled_at
Hibernate: 
    select
        e1_0.id,
        e1_0.attempts,
        e1_0.body_html,
        e1_0.body_text,
        e1_0.created_at,
        e1_0.email_type,
        e1_0.last_error,
        e1_0.recipient,
        e1_0.scheduled_at,
        e1_0.status,
        e1_0.subject,
        e1_0.updated_at 
    from
        email_queue e1_0 
    where
        e1_0.status='PENDING' 
        and e1_0.scheduled_at<=? 
    order by
        e1_0.scheduled_at
2026-01-18T05:15:07.645+05:30 DEBUG 94736 --- [nio-8081-exec-6] o.s.security.web.FilterChainProxy        : Securing GET /api/notifications/count
2026-01-18T05:15:07.645+05:30 DEBUG 94736 --- [io-8081-exec-10] o.s.security.web.FilterChainProxy        : Securing GET /api/notifications
Hibernate: 
    select
        u1_0.id,
        u1_0.created_at,
        u1_0.email,
        u1_0.first_name,
        u1_0.last_name,
        u1_0.password,
        u1_0.phone_number,
        u1_0.updated_at,
        u1_0.username 
    from
        users u1_0 
    where
        lower(u1_0.username)=lower(?) 
        or lower(u1_0.email)=lower(?) 
        or u1_0.phone_number=?
Hibernate: 
    select
        u1_0.id,
        u1_0.created_at,
        u1_0.email,
        u1_0.first_name,
        u1_0.last_name,
        u1_0.password,
        u1_0.phone_number,
        u1_0.updated_at,
        u1_0.username 
    from
        users u1_0 
    where
        lower(u1_0.username)=lower(?) 
        or lower(u1_0.email)=lower(?) 
        or u1_0.phone_number=?
Hibernate: 
    select
        r1_0.user_id,
        r1_0.role 
    from
        user_roles r1_0 
    where
        r1_0.user_id=?
Hibernate: 
    select
        r1_0.user_id,
        r1_0.role 
    from
        user_roles r1_0 
    where
        r1_0.user_id=?
2026-01-18T05:15:07.674+05:30 DEBUG 94736 --- [io-8081-exec-10] o.s.s.w.a.AnonymousAuthenticationFilter  : Set SecurityContextHolder to anonymous SecurityContext
2026-01-18T05:15:07.675+05:30 DEBUG 94736 --- [nio-8081-exec-6] o.s.s.w.a.AnonymousAuthenticationFilter  : Set SecurityContextHolder to anonymous SecurityContext
2026-01-18T05:15:07.675+05:30 DEBUG 94736 --- [io-8081-exec-10] o.s.s.w.a.Http403ForbiddenEntryPoint     : Pre-authenticated entry point called. Rejecting access
2026-01-18T05:15:07.676+05:30 DEBUG 94736 --- [io-8081-exec-10] o.s.security.web.FilterChainProxy        : Securing GET /error
2026-01-18T05:15:07.676+05:30 DEBUG 94736 --- [nio-8081-exec-6] o.s.s.w.a.Http403ForbiddenEntryPoint     : Pre-authenticated entry point called. Rejecting access
2026-01-18T05:15:07.676+05:30 DEBUG 94736 --- [nio-8081-exec-6] o.s.security.web.FilterChainProxy        : Securing GET /error
2026-01-18T05:15:07.677+05:30 DEBUG 94736 --- [io-8081-exec-10] o.s.security.web.FilterChainProxy        : Secured GET /error
2026-01-18T05:15:07.678+05:30 DEBUG 94736 --- [nio-8081-exec-6] o.s.security.web.FilterChainProxy        : Secured GET /error
2026-01-18T05:15:07.679+05:30 DEBUG 94736 --- [io-8081-exec-10] o.s.s.w.a.AnonymousAuthenticationFilter  : Set SecurityContextHolder to anonymous SecurityContext
2026-01-18T05:15:07.680+05:30 DEBUG 94736 --- [nio-8081-exec-6] o.s.s.w.a.AnonymousAuthenticationFilter  : Set SecurityContextHolder to anonymous SecurityContext
2026-01-18T05:15:07.680+05:30 DEBUG 94736 --- [nio-8081-exec-5] o.s.security.web.FilterChainProxy        : Securing GET /api/notifications
2026-01-18T05:15:07.681+05:30 DEBUG 94736 --- [nio-8081-exec-8] o.s.security.web.FilterChainProxy        : Securing GET /api/notifications/count
Hibernate: 
    select
        u1_0.id,
        u1_0.created_at,
        u1_0.email,
        u1_0.first_name,
        u1_0.last_name,
        u1_0.password,
        u1_0.phone_number,
        u1_0.updated_at,
        u1_0.username 
    from
        users u1_0 
    where
        lower(u1_0.username)=lower(?) 
        or lower(u1_0.email)=lower(?) 
        or u1_0.phone_number=?
Hibernate: 
    select
        u1_0.id,
        u1_0.created_at,
        u1_0.email,
        u1_0.first_name,
        u1_0.last_name,
        u1_0.password,
        u1_0.phone_number,
        u1_0.updated_at,
        u1_0.username 
    from
        users u1_0 
    where
        lower(u1_0.username)=lower(?) 
        or lower(u1_0.email)=lower(?) 
        or u1_0.phone_number=?
Hibernate: 
    select
        r1_0.user_id,
        r1_0.role 
    from
        user_roles r1_0 
    where
        r1_0.user_id=?
Hibernate: 
    select
        r1_0.user_id,
        r1_0.role 
    from
        user_roles r1_0 
    where
        r1_0.user_id=?
2026-01-18T05:15:07.693+05:30 DEBUG 94736 --- [nio-8081-exec-5] o.s.s.w.a.AnonymousAuthenticationFilter  : Set SecurityContextHolder to anonymous SecurityContext
2026-01-18T05:15:07.693+05:30 DEBUG 94736 --- [nio-8081-exec-8] o.s.s.w.a.AnonymousAuthenticationFilter  : Set SecurityContextHolder to anonymous SecurityContext
2026-01-18T05:15:07.695+05:30 DEBUG 94736 --- [nio-8081-exec-8] o.s.s.w.a.Http403ForbiddenEntryPoint     : Pre-authenticated entry point called. Rejecting access
2026-01-18T05:15:07.695+05:30 DEBUG 94736 --- [nio-8081-exec-5] o.s.s.w.a.Http403ForbiddenEntryPoint     : Pre-authenticated entry point called. Rejecting access
2026-01-18T05:15:07.695+05:30 DEBUG 94736 --- [nio-8081-exec-5] o.s.security.web.FilterChainProxy        : Securing GET /error
2026-01-18T05:15:07.695+05:30 DEBUG 94736 --- [nio-8081-exec-8] o.s.security.web.FilterChainProxy        : Securing GET /error
2026-01-18T05:15:07.696+05:30 DEBUG 94736 --- [nio-8081-exec-5] o.s.security.web.FilterChainProxy        : Secured GET /error
2026-01-18T05:15:07.697+05:30 DEBUG 94736 --- [nio-8081-exec-8] o.s.security.web.FilterChainProxy        : Secured GET /error
2026-01-18T05:15:07.698+05:30 DEBUG 94736 --- [nio-8081-exec-8] o.s.s.w.a.AnonymousAuthenticationFilter  : Set SecurityContextHolder to anonymous SecurityContext
2026-01-18T05:15:07.698+05:30 DEBUG 94736 --- [nio-8081-exec-5] o.s.s.w.a.AnonymousAuthenticationFilter  : Set SecurityContextHolder to anonymous SecurityContext
Hibernate: 
    select
        e1_0.id,
        e1_0.attempts,
        e1_0.body_html,
        e1_0.body_text,
        e1_0.created_at,
        e1_0.email_type,
        e1_0.last_error,
        e1_0.recipient,
        e1_0.scheduled_at,
        e1_0.status,
        e1_0.subject,
        e1_0.updated_at 
    from
        email_queue e1_0 
    where
        e1_0.status='PENDING' 
        and e1_0.scheduled_at<=? 
    order by
        e1_0.scheduled_at
Hibernate: 
    select
        e1_0.id,
        e1_0.attempts,
        e1_0.body_html,
        e1_0.body_text,
        e1_0.created_at,
        e1_0.email_type,
        e1_0.last_error,
        e1_0.recipient,
        e1_0.scheduled_at,
        e1_0.status,
        e1_0.subject,
        e1_0.updated_at 
    from
        email_queue e1_0 
    where
        e1_0.status='PENDING' 
        and e1_0.scheduled_at<=? 
    order by
        e1_0.scheduled_at
2026-01-18T05:16:07.644+05:30 DEBUG 94736 --- [nio-8081-exec-2] o.s.security.web.FilterChainProxy        : Securing GET /api/notifications
2026-01-18T05:16:07.644+05:30 DEBUG 94736 --- [nio-8081-exec-4] o.s.security.web.FilterChainProxy        : Securing GET /api/notifications/count
Hibernate: 
    select
        u1_0.id,
        u1_0.created_at,
        u1_0.email,
        u1_0.first_name,
        u1_0.last_name,
        u1_0.password,
        u1_0.phone_number,
        u1_0.updated_at,
        u1_0.username 
    from
        users u1_0 
    where
        lower(u1_0.username)=lower(?) 
        or lower(u1_0.email)=lower(?) 
        or u1_0.phone_number=?
Hibernate: 
    select
        u1_0.id,
        u1_0.created_at,
        u1_0.email,
        u1_0.first_name,
        u1_0.last_name,
        u1_0.password,
        u1_0.phone_number,
        u1_0.updated_at,
        u1_0.username 
    from
        users u1_0 
    where
        lower(u1_0.username)=lower(?) 
        or lower(u1_0.email)=lower(?) 
        or u1_0.phone_number=?
Hibernate: 
    select
        r1_0.user_id,
        r1_0.role 
    from
        user_roles r1_0 
    where
        r1_0.user_id=?
Hibernate: 
    select
        r1_0.user_id,
        r1_0.role 
    from
        user_roles r1_0 
    where
        r1_0.user_id=?
2026-01-18T05:16:07.655+05:30 DEBUG 94736 --- [nio-8081-exec-4] o.s.s.w.a.AnonymousAuthenticationFilter  : Set SecurityContextHolder to anonymous SecurityContext
2026-01-18T05:16:07.655+05:30 DEBUG 94736 --- [nio-8081-exec-2] o.s.s.w.a.AnonymousAuthenticationFilter  : Set SecurityContextHolder to anonymous SecurityContext
2026-01-18T05:16:07.656+05:30 DEBUG 94736 --- [nio-8081-exec-4] o.s.s.w.a.Http403ForbiddenEntryPoint     : Pre-authenticated entry point called. Rejecting access
2026-01-18T05:16:07.656+05:30 DEBUG 94736 --- [nio-8081-exec-2] o.s.s.w.a.Http403ForbiddenEntryPoint     : Pre-authenticated entry point called. Rejecting access
2026-01-18T05:16:07.656+05:30 DEBUG 94736 --- [nio-8081-exec-2] o.s.security.web.FilterChainProxy        : Securing GET /error
2026-01-18T05:16:07.656+05:30 DEBUG 94736 --- [nio-8081-exec-4] o.s.security.web.FilterChainProxy        : Securing GET /error
2026-01-18T05:16:07.657+05:30 DEBUG 94736 --- [nio-8081-exec-4] o.s.security.web.FilterChainProxy        : Secured GET /error
2026-01-18T05:16:07.657+05:30 DEBUG 94736 --- [nio-8081-exec-2] o.s.security.web.FilterChainProxy        : Secured GET /error
2026-01-18T05:16:07.658+05:30 DEBUG 94736 --- [nio-8081-exec-4] o.s.s.w.a.AnonymousAuthenticationFilter  : Set SecurityContextHolder to anonymous SecurityContext
2026-01-18T05:16:07.658+05:30 DEBUG 94736 --- [nio-8081-exec-2] o.s.s.w.a.AnonymousAuthenticationFilter  : Set SecurityContextHolder to anonymous SecurityContext
2026-01-18T05:16:07.659+05:30 DEBUG 94736 --- [nio-8081-exec-7] o.s.security.web.FilterChainProxy        : Securing GET /api/notifications
2026-01-18T05:16:07.659+05:30 DEBUG 94736 --- [nio-8081-exec-3] o.s.security.web.FilterChainProxy        : Securing GET /api/notifications/count
Hibernate: 
    select
        u1_0.id,
        u1_0.created_at,
        u1_0.email,
        u1_0.first_name,
        u1_0.last_name,
        u1_0.password,
        u1_0.phone_number,
        u1_0.updated_at,
        u1_0.username 
    from
        users u1_0 
    where
        lower(u1_0.username)=lower(?) 
        or lower(u1_0.email)=lower(?) 
        or u1_0.phone_number=?
Hibernate: 
    select
        u1_0.id,
        u1_0.created_at,
        u1_0.email,
        u1_0.first_name,
        u1_0.last_name,
        u1_0.password,
        u1_0.phone_number,
        u1_0.updated_at,
        u1_0.username 
    from
        users u1_0 
    where
        lower(u1_0.username)=lower(?) 
        or lower(u1_0.email)=lower(?) 
        or u1_0.phone_number=?
Hibernate: 
    select
        r1_0.user_id,
        r1_0.role 
    from
        user_roles r1_0 
    where
        r1_0.user_id=?
Hibernate: 
    select
        r1_0.user_id,
        r1_0.role 
    from
        user_roles r1_0 
    where
        r1_0.user_id=?
2026-01-18T05:16:07.670+05:30 DEBUG 94736 --- [nio-8081-exec-3] o.s.s.w.a.AnonymousAuthenticationFilter  : Set SecurityContextHolder to anonymous SecurityContext
2026-01-18T05:16:07.670+05:30 DEBUG 94736 --- [nio-8081-exec-7] o.s.s.w.a.AnonymousAuthenticationFilter  : Set SecurityContextHolder to anonymous SecurityContext
2026-01-18T05:16:07.671+05:30 DEBUG 94736 --- [nio-8081-exec-3] o.s.s.w.a.Http403ForbiddenEntryPoint     : Pre-authenticated entry point called. Rejecting access
2026-01-18T05:16:07.671+05:30 DEBUG 94736 --- [nio-8081-exec-7] o.s.s.w.a.Http403ForbiddenEntryPoint     : Pre-authenticated entry point called. Rejecting access
2026-01-18T05:16:07.671+05:30 DEBUG 94736 --- [nio-8081-exec-7] o.s.security.web.FilterChainProxy        : Securing GET /error
2026-01-18T05:16:07.671+05:30 DEBUG 94736 --- [nio-8081-exec-3] o.s.security.web.FilterChainProxy        : Securing GET /error
2026-01-18T05:16:07.672+05:30 DEBUG 94736 --- [nio-8081-exec-3] o.s.security.web.FilterChainProxy        : Secured GET /error
2026-01-18T05:16:07.672+05:30 DEBUG 94736 --- [nio-8081-exec-7] o.s.security.web.FilterChainProxy        : Secured GET /error
2026-01-18T05:16:07.673+05:30 DEBUG 94736 --- [nio-8081-exec-3] o.s.s.w.a.AnonymousAuthenticationFilter  : Set SecurityContextHolder to anonymous SecurityContext
2026-01-18T05:16:07.673+05:30 DEBUG 94736 --- [nio-8081-exec-7] o.s.s.w.a.AnonymousAuthenticationFilter  : Set SecurityContextHolder to anonymous SecurityContext
Hibernate: 
    select
        e1_0.id,
        e1_0.attempts,
        e1_0.body_html,
        e1_0.body_text,
        e1_0.created_at,
        e1_0.email_type,
        e1_0.last_error,
        e1_0.recipient,
        e1_0.scheduled_at,
        e1_0.status,
        e1_0.subject,
        e1_0.updated_at 
    from
        email_queue e1_0 
    where
        e1_0.status='PENDING' 
        and e1_0.scheduled_at<=? 
    order by
        e1_0.scheduled_at
Hibernate: 
    select
        e1_0.id,
        e1_0.attempts,
        e1_0.body_html,
        e1_0.body_text,
        e1_0.created_at,
        e1_0.email_type,
        e1_0.last_error,
        e1_0.recipient,
        e1_0.scheduled_at,
        e1_0.status,
        e1_0.subject,
        e1_0.updated_at 
    from
        email_queue e1_0 
    where
        e1_0.status='PENDING' 
        and e1_0.scheduled_at<=? 
    order by
        e1_0.scheduled_at
2026-01-18T05:17:07.638+05:30 DEBUG 94736 --- [nio-8081-exec-1] o.s.security.web.FilterChainProxy        : Securing GET /api/notifications/count
2026-01-18T05:17:07.638+05:30 DEBUG 94736 --- [nio-8081-exec-9] o.s.security.web.FilterChainProxy        : Securing GET /api/notifications
Hibernate: 
    select
        u1_0.id,
        u1_0.created_at,
        u1_0.email,
        u1_0.first_name,
        u1_0.last_name,
        u1_0.password,
        u1_0.phone_number,
        u1_0.updated_at,
        u1_0.username 
    from
        users u1_0 
    where
        lower(u1_0.username)=lower(?) 
        or lower(u1_0.email)=lower(?) 
        or u1_0.phone_number=?
Hibernate: 
    select
        u1_0.id,
        u1_0.created_at,
        u1_0.email,
        u1_0.first_name,
        u1_0.last_name,
        u1_0.password,
        u1_0.phone_number,
        u1_0.updated_at,
        u1_0.username 
    from
        users u1_0 
    where
        lower(u1_0.username)=lower(?) 
        or lower(u1_0.email)=lower(?) 
        or u1_0.phone_number=?
Hibernate: 
    select
        r1_0.user_id,
        r1_0.role 
    from
        user_roles r1_0 
    where
        r1_0.user_id=?
Hibernate: 
    select
        r1_0.user_id,
        r1_0.role 
    from
        user_roles r1_0 
    where
        r1_0.user_id=?
2026-01-18T05:17:07.647+05:30 DEBUG 94736 --- [nio-8081-exec-1] o.s.s.w.a.AnonymousAuthenticationFilter  : Set SecurityContextHolder to anonymous SecurityContext
2026-01-18T05:17:07.649+05:30 DEBUG 94736 --- [nio-8081-exec-1] o.s.s.w.a.Http403ForbiddenEntryPoint     : Pre-authenticated entry point called. Rejecting access
2026-01-18T05:17:07.649+05:30 DEBUG 94736 --- [nio-8081-exec-1] o.s.security.web.FilterChainProxy        : Securing GET /error
2026-01-18T05:17:07.649+05:30 DEBUG 94736 --- [nio-8081-exec-9] o.s.s.w.a.AnonymousAuthenticationFilter  : Set SecurityContextHolder to anonymous SecurityContext
2026-01-18T05:17:07.650+05:30 DEBUG 94736 --- [nio-8081-exec-9] o.s.s.w.a.Http403ForbiddenEntryPoint     : Pre-authenticated entry point called. Rejecting access
2026-01-18T05:17:07.650+05:30 DEBUG 94736 --- [nio-8081-exec-1] o.s.security.web.FilterChainProxy        : Secured GET /error
2026-01-18T05:17:07.651+05:30 DEBUG 94736 --- [nio-8081-exec-9] o.s.security.web.FilterChainProxy        : Securing GET /error
2026-01-18T05:17:07.652+05:30 DEBUG 94736 --- [nio-8081-exec-1] o.s.s.w.a.AnonymousAuthenticationFilter  : Set SecurityContextHolder to anonymous SecurityContext
2026-01-18T05:17:07.652+05:30 DEBUG 94736 --- [nio-8081-exec-9] o.s.security.web.FilterChainProxy        : Secured GET /error
2026-01-18T05:17:07.653+05:30 DEBUG 94736 --- [io-8081-exec-10] o.s.security.web.FilterChainProxy        : Securing GET /api/notifications/count
2026-01-18T05:17:07.653+05:30 DEBUG 94736 --- [nio-8081-exec-9] o.s.s.w.a.AnonymousAuthenticationFilter  : Set SecurityContextHolder to anonymous SecurityContext
2026-01-18T05:17:07.654+05:30 DEBUG 94736 --- [nio-8081-exec-6] o.s.security.web.FilterChainProxy        : Securing GET /api/notifications
Hibernate: 
    select
        u1_0.id,
        u1_0.created_at,
        u1_0.email,
        u1_0.first_name,
        u1_0.last_name,
        u1_0.password,
        u1_0.phone_number,
        u1_0.updated_at,
        u1_0.username 
    from
        users u1_0 
    where
        lower(u1_0.username)=lower(?) 
        or lower(u1_0.email)=lower(?) 
        or u1_0.phone_number=?
Hibernate: 
    select
        u1_0.id,
        u1_0.created_at,
        u1_0.email,
        u1_0.first_name,
        u1_0.last_name,
        u1_0.password,
        u1_0.phone_number,
        u1_0.updated_at,
        u1_0.username 
    from
        users u1_0 
    where
        lower(u1_0.username)=lower(?) 
        or lower(u1_0.email)=lower(?) 
        or u1_0.phone_number=?
Hibernate: 
    select
        r1_0.user_id,
        r1_0.role 
    from
        user_roles r1_0 
    where
        r1_0.user_id=?
Hibernate: 
    select
        r1_0.user_id,
        r1_0.role 
    from
        user_roles r1_0 
    where
        r1_0.user_id=?
2026-01-18T05:17:07.663+05:30 DEBUG 94736 --- [io-8081-exec-10] o.s.s.w.a.AnonymousAuthenticationFilter  : Set SecurityContextHolder to anonymous SecurityContext
2026-01-18T05:17:07.663+05:30 DEBUG 94736 --- [nio-8081-exec-6] o.s.s.w.a.AnonymousAuthenticationFilter  : Set SecurityContextHolder to anonymous SecurityContext
2026-01-18T05:17:07.664+05:30 DEBUG 94736 --- [io-8081-exec-10] o.s.s.w.a.Http403ForbiddenEntryPoint     : Pre-authenticated entry point called. Rejecting access
2026-01-18T05:17:07.664+05:30 DEBUG 94736 --- [nio-8081-exec-6] o.s.s.w.a.Http403ForbiddenEntryPoint     : Pre-authenticated entry point called. Rejecting access
2026-01-18T05:17:07.664+05:30 DEBUG 94736 --- [io-8081-exec-10] o.s.security.web.FilterChainProxy        : Securing GET /error
2026-01-18T05:17:07.664+05:30 DEBUG 94736 --- [nio-8081-exec-6] o.s.security.web.FilterChainProxy        : Securing GET /error
2026-01-18T05:17:07.665+05:30 DEBUG 94736 --- [io-8081-exec-10] o.s.security.web.FilterChainProxy        : Secured GET /error
2026-01-18T05:17:07.665+05:30 DEBUG 94736 --- [nio-8081-exec-6] o.s.security.web.FilterChainProxy        : Secured GET /error
2026-01-18T05:17:07.666+05:30 DEBUG 94736 --- [nio-8081-exec-6] o.s.s.w.a.AnonymousAuthenticationFilter  : Set SecurityContextHolder to anonymous SecurityContext
2026-01-18T05:17:07.666+05:30 DEBUG 94736 --- [io-8081-exec-10] o.s.s.w.a.AnonymousAuthenticationFilter  : Set SecurityContextHolder to anonymous SecurityContext
Hibernate: 
    select
        e1_0.id,
        e1_0.attempts,
        e1_0.body_html,
        e1_0.body_text,
        e1_0.created_at,
        e1_0.email_type,
        e1_0.last_error,
        e1_0.recipient,
        e1_0.scheduled_at,
        e1_0.status,
        e1_0.subject,
        e1_0.updated_at 
    from
        email_queue e1_0 
    where
        e1_0.status='PENDING' 
        and e1_0.scheduled_at<=? 
    order by
        e1_0.scheduled_at
Hibernate: 
    select
        e1_0.id,
        e1_0.attempts,
        e1_0.body_html,
        e1_0.body_text,
        e1_0.created_at,
        e1_0.email_type,
        e1_0.last_error,
        e1_0.recipient,
        e1_0.scheduled_at,
        e1_0.status,
        e1_0.subject,
        e1_0.updated_at 
    from
        email_queue e1_0 
    where
        e1_0.status='PENDING' 
        and e1_0.scheduled_at<=? 
    order by
        e1_0.scheduled_at
2026-01-18T05:18:07.637+05:30 DEBUG 94736 --- [nio-8081-exec-8] o.s.security.web.FilterChainProxy        : Securing GET /api/notifications/count
2026-01-18T05:18:07.637+05:30 DEBUG 94736 --- [nio-8081-exec-2] o.s.security.web.FilterChainProxy        : Securing GET /api/notifications
Hibernate: 
    select
        u1_0.id,
        u1_0.created_at,
        u1_0.email,
        u1_0.first_name,
        u1_0.last_name,
        u1_0.password,
        u1_0.phone_number,
        u1_0.updated_at,
        u1_0.username 
    from
        users u1_0 
    where
        lower(u1_0.username)=lower(?) 
        or lower(u1_0.email)=lower(?) 
        or u1_0.phone_number=?
Hibernate: 
    select
        u1_0.id,
        u1_0.created_at,
        u1_0.email,
        u1_0.first_name,
        u1_0.last_name,
        u1_0.password,
        u1_0.phone_number,
        u1_0.updated_at,
        u1_0.username 
    from
        users u1_0 
    where
        lower(u1_0.username)=lower(?) 
        or lower(u1_0.email)=lower(?) 
        or u1_0.phone_number=?
Hibernate: 
    select
        r1_0.user_id,
        r1_0.role 
    from
        user_roles r1_0 
    where
        r1_0.user_id=?
Hibernate: 
    select
        r1_0.user_id,
        r1_0.role 
    from
        user_roles r1_0 
    where
        r1_0.user_id=?
2026-01-18T05:18:07.647+05:30 DEBUG 94736 --- [nio-8081-exec-2] o.s.s.w.a.AnonymousAuthenticationFilter  : Set SecurityContextHolder to anonymous SecurityContext
2026-01-18T05:18:07.647+05:30 DEBUG 94736 --- [nio-8081-exec-8] o.s.s.w.a.AnonymousAuthenticationFilter  : Set SecurityContextHolder to anonymous SecurityContext
2026-01-18T05:18:07.648+05:30 DEBUG 94736 --- [nio-8081-exec-2] o.s.s.w.a.Http403ForbiddenEntryPoint     : Pre-authenticated entry point called. Rejecting access
2026-01-18T05:18:07.648+05:30 DEBUG 94736 --- [nio-8081-exec-8] o.s.s.w.a.Http403ForbiddenEntryPoint     : Pre-authenticated entry point called. Rejecting access
2026-01-18T05:18:07.648+05:30 DEBUG 94736 --- [nio-8081-exec-8] o.s.security.web.FilterChainProxy        : Securing GET /error
2026-01-18T05:18:07.648+05:30 DEBUG 94736 --- [nio-8081-exec-2] o.s.security.web.FilterChainProxy        : Securing GET /error
2026-01-18T05:18:07.649+05:30 DEBUG 94736 --- [nio-8081-exec-8] o.s.security.web.FilterChainProxy        : Secured GET /error
2026-01-18T05:18:07.649+05:30 DEBUG 94736 --- [nio-8081-exec-2] o.s.security.web.FilterChainProxy        : Secured GET /error
2026-01-18T05:18:07.650+05:30 DEBUG 94736 --- [nio-8081-exec-8] o.s.s.w.a.AnonymousAuthenticationFilter  : Set SecurityContextHolder to anonymous SecurityContext
2026-01-18T05:18:07.650+05:30 DEBUG 94736 --- [nio-8081-exec-2] o.s.s.w.a.AnonymousAuthenticationFilter  : Set SecurityContextHolder to anonymous SecurityContext
2026-01-18T05:18:07.652+05:30 DEBUG 94736 --- [nio-8081-exec-4] o.s.security.web.FilterChainProxy        : Securing GET /api/notifications
2026-01-18T05:18:07.652+05:30 DEBUG 94736 --- [nio-8081-exec-7] o.s.security.web.FilterChainProxy        : Securing GET /api/notifications/count
Hibernate: 
    select
        u1_0.id,
        u1_0.created_at,
        u1_0.email,
        u1_0.first_name,
        u1_0.last_name,
        u1_0.password,
        u1_0.phone_number,
        u1_0.updated_at,
        u1_0.username 
    from
        users u1_0 
    where
        lower(u1_0.username)=lower(?) 
        or lower(u1_0.email)=lower(?) 
        or u1_0.phone_number=?
Hibernate: 
    select
        u1_0.id,
        u1_0.created_at,
        u1_0.email,
        u1_0.first_name,
        u1_0.last_name,
        u1_0.password,
        u1_0.phone_number,
        u1_0.updated_at,
        u1_0.username 
    from
        users u1_0 
    where
        lower(u1_0.username)=lower(?) 
        or lower(u1_0.email)=lower(?) 
        or u1_0.phone_number=?
Hibernate: 
    select
        r1_0.user_id,
        r1_0.role 
    from
        user_roles r1_0 
    where
        r1_0.user_id=?
Hibernate: 
    select
        r1_0.user_id,
        r1_0.role 
    from
        user_roles r1_0 
    where
        r1_0.user_id=?
2026-01-18T05:18:07.661+05:30 DEBUG 94736 --- [nio-8081-exec-7] o.s.s.w.a.AnonymousAuthenticationFilter  : Set SecurityContextHolder to anonymous SecurityContext
2026-01-18T05:18:07.661+05:30 DEBUG 94736 --- [nio-8081-exec-4] o.s.s.w.a.AnonymousAuthenticationFilter  : Set SecurityContextHolder to anonymous SecurityContext
2026-01-18T05:18:07.662+05:30 DEBUG 94736 --- [nio-8081-exec-7] o.s.s.w.a.Http403ForbiddenEntryPoint     : Pre-authenticated entry point called. Rejecting access
2026-01-18T05:18:07.662+05:30 DEBUG 94736 --- [nio-8081-exec-4] o.s.s.w.a.Http403ForbiddenEntryPoint     : Pre-authenticated entry point called. Rejecting access
2026-01-18T05:18:07.662+05:30 DEBUG 94736 --- [nio-8081-exec-7] o.s.security.web.FilterChainProxy        : Securing GET /error
2026-01-18T05:18:07.662+05:30 DEBUG 94736 --- [nio-8081-exec-4] o.s.security.web.FilterChainProxy        : Securing GET /error
2026-01-18T05:18:07.663+05:30 DEBUG 94736 --- [nio-8081-exec-7] o.s.security.web.FilterChainProxy        : Secured GET /error
2026-01-18T05:18:07.663+05:30 DEBUG 94736 --- [nio-8081-exec-4] o.s.security.web.FilterChainProxy        : Secured GET /error
2026-01-18T05:18:07.664+05:30 DEBUG 94736 --- [nio-8081-exec-7] o.s.s.w.a.AnonymousAuthenticationFilter  : Set SecurityContextHolder to anonymous SecurityContext
2026-01-18T05:18:07.664+05:30 DEBUG 94736 --- [nio-8081-exec-4] o.s.s.w.a.AnonymousAuthenticationFilter  : Set SecurityContextHolder to anonymous SecurityContext
Hibernate: 
    select
        e1_0.id,
        e1_0.attempts,
        e1_0.body_html,
        e1_0.body_text,
        e1_0.created_at,
        e1_0.email_type,
        e1_0.last_error,
        e1_0.recipient,
        e1_0.scheduled_at,
        e1_0.status,
        e1_0.subject,
        e1_0.updated_at 
    from
        email_queue e1_0 
    where
        e1_0.status='PENDING' 
        and e1_0.scheduled_at<=? 
    order by
        e1_0.scheduled_at
Hibernate: 
    select
        e1_0.id,
        e1_0.attempts,
        e1_0.body_html,
        e1_0.body_text,
        e1_0.created_at,
        e1_0.email_type,
        e1_0.last_error,
        e1_0.recipient,
        e1_0.scheduled_at,
        e1_0.status,
        e1_0.subject,
        e1_0.updated_at 
    from
        email_queue e1_0 
    where
        e1_0.status='PENDING' 
        and e1_0.scheduled_at<=? 
    order by
        e1_0.scheduled_at
2026-01-18T05:19:07.639+05:30 DEBUG 94736 --- [nio-8081-exec-3] o.s.security.web.FilterChainProxy        : Securing GET /api/notifications/count
2026-01-18T05:19:07.640+05:30 DEBUG 94736 --- [nio-8081-exec-1] o.s.security.web.FilterChainProxy        : Securing GET /api/notifications
Hibernate: 
    select
        u1_0.id,
        u1_0.created_at,
        u1_0.email,
        u1_0.first_name,
        u1_0.last_name,
        u1_0.password,
        u1_0.phone_number,
        u1_0.updated_at,
        u1_0.username 
    from
        users u1_0 
    where
        lower(u1_0.username)=lower(?) 
        or lower(u1_0.email)=lower(?) 
        or u1_0.phone_number=?
Hibernate: 
    select
        u1_0.id,
        u1_0.created_at,
        u1_0.email,
        u1_0.first_name,
        u1_0.last_name,
        u1_0.password,
        u1_0.phone_number,
        u1_0.updated_at,
        u1_0.username 
    from
        users u1_0 
    where
        lower(u1_0.username)=lower(?) 
        or lower(u1_0.email)=lower(?) 
        or u1_0.phone_number=?
Hibernate: 
    select
        r1_0.user_id,
        r1_0.role 
    from
        user_roles r1_0 
    where
        r1_0.user_id=?
Hibernate: 
    select
        r1_0.user_id,
        r1_0.role 
    from
        user_roles r1_0 
    where
        r1_0.user_id=?
2026-01-18T05:19:07.650+05:30 DEBUG 94736 --- [nio-8081-exec-1] o.s.s.w.a.AnonymousAuthenticationFilter  : Set SecurityContextHolder to anonymous SecurityContext
2026-01-18T05:19:07.650+05:30 DEBUG 94736 --- [nio-8081-exec-3] o.s.s.w.a.AnonymousAuthenticationFilter  : Set SecurityContextHolder to anonymous SecurityContext
2026-01-18T05:19:07.651+05:30 DEBUG 94736 --- [nio-8081-exec-3] o.s.s.w.a.Http403ForbiddenEntryPoint     : Pre-authenticated entry point called. Rejecting access
2026-01-18T05:19:07.651+05:30 DEBUG 94736 --- [nio-8081-exec-1] o.s.s.w.a.Http403ForbiddenEntryPoint     : Pre-authenticated entry point called. Rejecting access
2026-01-18T05:19:07.651+05:30 DEBUG 94736 --- [nio-8081-exec-3] o.s.security.web.FilterChainProxy        : Securing GET /error
2026-01-18T05:19:07.651+05:30 DEBUG 94736 --- [nio-8081-exec-1] o.s.security.web.FilterChainProxy        : Securing GET /error
2026-01-18T05:19:07.652+05:30 DEBUG 94736 --- [nio-8081-exec-1] o.s.security.web.FilterChainProxy        : Secured GET /error
2026-01-18T05:19:07.653+05:30 DEBUG 94736 --- [nio-8081-exec-3] o.s.security.web.FilterChainProxy        : Secured GET /error
2026-01-18T05:19:07.654+05:30 DEBUG 94736 --- [nio-8081-exec-1] o.s.s.w.a.AnonymousAuthenticationFilter  : Set SecurityContextHolder to anonymous SecurityContext
2026-01-18T05:19:07.654+05:30 DEBUG 94736 --- [nio-8081-exec-3] o.s.s.w.a.AnonymousAuthenticationFilter  : Set SecurityContextHolder to anonymous SecurityContext
2026-01-18T05:19:07.655+05:30 DEBUG 94736 --- [io-8081-exec-10] o.s.security.web.FilterChainProxy        : Securing GET /api/notifications/count
2026-01-18T05:19:07.656+05:30 DEBUG 94736 --- [nio-8081-exec-6] o.s.security.web.FilterChainProxy        : Securing GET /api/notifications
Hibernate: 
    select
        u1_0.id,
        u1_0.created_at,
        u1_0.email,
        u1_0.first_name,
        u1_0.last_name,
        u1_0.password,
        u1_0.phone_number,
        u1_0.updated_at,
        u1_0.username 
    from
        users u1_0 
    where
        lower(u1_0.username)=lower(?) 
        or lower(u1_0.email)=lower(?) 
        or u1_0.phone_number=?
Hibernate: 
    select
        u1_0.id,
        u1_0.created_at,
        u1_0.email,
        u1_0.first_name,
        u1_0.last_name,
        u1_0.password,
        u1_0.phone_number,
        u1_0.updated_at,
        u1_0.username 
    from
        users u1_0 
    where
        lower(u1_0.username)=lower(?) 
        or lower(u1_0.email)=lower(?) 
        or u1_0.phone_number=?
Hibernate: 
    select
        r1_0.user_id,
        r1_0.role 
    from
        user_roles r1_0 
    where
        r1_0.user_id=?
Hibernate: 
    select
        r1_0.user_id,
        r1_0.role 
    from
        user_roles r1_0 
    where
        r1_0.user_id=?
2026-01-18T05:19:07.666+05:30 DEBUG 94736 --- [io-8081-exec-10] o.s.s.w.a.AnonymousAuthenticationFilter  : Set SecurityContextHolder to anonymous SecurityContext
2026-01-18T05:19:07.666+05:30 DEBUG 94736 --- [nio-8081-exec-6] o.s.s.w.a.AnonymousAuthenticationFilter  : Set SecurityContextHolder to anonymous SecurityContext
2026-01-18T05:19:07.667+05:30 DEBUG 94736 --- [io-8081-exec-10] o.s.s.w.a.Http403ForbiddenEntryPoint     : Pre-authenticated entry point called. Rejecting access
2026-01-18T05:19:07.667+05:30 DEBUG 94736 --- [nio-8081-exec-6] o.s.s.w.a.Http403ForbiddenEntryPoint     : Pre-authenticated entry point called. Rejecting access
2026-01-18T05:19:07.667+05:30 DEBUG 94736 --- [nio-8081-exec-6] o.s.security.web.FilterChainProxy        : Securing GET /error
2026-01-18T05:19:07.667+05:30 DEBUG 94736 --- [io-8081-exec-10] o.s.security.web.FilterChainProxy        : Securing GET /error
2026-01-18T05:19:07.668+05:30 DEBUG 94736 --- [nio-8081-exec-6] o.s.security.web.FilterChainProxy        : Secured GET /error
2026-01-18T05:19:07.668+05:30 DEBUG 94736 --- [io-8081-exec-10] o.s.security.web.FilterChainProxy        : Secured GET /error
2026-01-18T05:19:07.669+05:30 DEBUG 94736 --- [io-8081-exec-10] o.s.s.w.a.AnonymousAuthenticationFilter  : Set SecurityContextHolder to anonymous SecurityContext
2026-01-18T05:19:07.669+05:30 DEBUG 94736 --- [nio-8081-exec-6] o.s.s.w.a.AnonymousAuthenticationFilter  : Set SecurityContextHolder to anonymous SecurityContext
Hibernate: 
    select
        e1_0.id,
        e1_0.attempts,
        e1_0.body_html,
        e1_0.body_text,
        e1_0.created_at,
        e1_0.email_type,
        e1_0.last_error,
        e1_0.recipient,
        e1_0.scheduled_at,
        e1_0.status,
        e1_0.subject,
        e1_0.updated_at 
    from
        email_queue e1_0 
    where
        e1_0.status='PENDING' 
        and e1_0.scheduled_at<=? 
    order by
        e1_0.scheduled_at
Hibernate: 
    select
        e1_0.id,
        e1_0.attempts,
        e1_0.body_html,
        e1_0.body_text,
        e1_0.created_at,
        e1_0.email_type,
        e1_0.last_error,
        e1_0.recipient,
        e1_0.scheduled_at,
        e1_0.status,
        e1_0.subject,
        e1_0.updated_at 
    from
        email_queue e1_0 
    where
        e1_0.status='PENDING' 
        and e1_0.scheduled_at<=? 
    order by
        e1_0.scheduled_at
2026-01-18T05:20:07.638+05:30 DEBUG 94736 --- [nio-8081-exec-5] o.s.security.web.FilterChainProxy        : Securing GET /api/notifications/count
2026-01-18T05:20:07.638+05:30 DEBUG 94736 --- [nio-8081-exec-8] o.s.security.web.FilterChainProxy        : Securing GET /api/notifications
Hibernate: 
    select
        u1_0.id,
        u1_0.created_at,
        u1_0.email,
        u1_0.first_name,
        u1_0.last_name,
        u1_0.password,
        u1_0.phone_number,
        u1_0.updated_at,
        u1_0.username 
    from
        users u1_0 
    where
        lower(u1_0.username)=lower(?) 
        or lower(u1_0.email)=lower(?) 
        or u1_0.phone_number=?
Hibernate: 
    select
        u1_0.id,
        u1_0.created_at,
        u1_0.email,
        u1_0.first_name,
        u1_0.last_name,
        u1_0.password,
        u1_0.phone_number,
        u1_0.updated_at,
        u1_0.username 
    from
        users u1_0 
    where
        lower(u1_0.username)=lower(?) 
        or lower(u1_0.email)=lower(?) 
        or u1_0.phone_number=?
Hibernate: 
    select
        r1_0.user_id,
        r1_0.role 
    from
        user_roles r1_0 
    where
        r1_0.user_id=?
Hibernate: 
    select
        r1_0.user_id,
        r1_0.role 
    from
        user_roles r1_0 
    where
        r1_0.user_id=?
2026-01-18T05:20:07.651+05:30 DEBUG 94736 --- [nio-8081-exec-8] o.s.s.w.a.AnonymousAuthenticationFilter  : Set SecurityContextHolder to anonymous SecurityContext
2026-01-18T05:20:07.651+05:30 DEBUG 94736 --- [nio-8081-exec-5] o.s.s.w.a.AnonymousAuthenticationFilter  : Set SecurityContextHolder to anonymous SecurityContext
2026-01-18T05:20:07.652+05:30 DEBUG 94736 --- [nio-8081-exec-8] o.s.s.w.a.Http403ForbiddenEntryPoint     : Pre-authenticated entry point called. Rejecting access
2026-01-18T05:20:07.653+05:30 DEBUG 94736 --- [nio-8081-exec-5] o.s.s.w.a.Http403ForbiddenEntryPoint     : Pre-authenticated entry point called. Rejecting access
2026-01-18T05:20:07.653+05:30 DEBUG 94736 --- [nio-8081-exec-8] o.s.security.web.FilterChainProxy        : Securing GET /error
2026-01-18T05:20:07.653+05:30 DEBUG 94736 --- [nio-8081-exec-5] o.s.security.web.FilterChainProxy        : Securing GET /error
2026-01-18T05:20:07.654+05:30 DEBUG 94736 --- [nio-8081-exec-8] o.s.security.web.FilterChainProxy        : Secured GET /error
2026-01-18T05:20:07.654+05:30 DEBUG 94736 --- [nio-8081-exec-5] o.s.security.web.FilterChainProxy        : Secured GET /error
2026-01-18T05:20:07.655+05:30 DEBUG 94736 --- [nio-8081-exec-5] o.s.s.w.a.AnonymousAuthenticationFilter  : Set SecurityContextHolder to anonymous SecurityContext
2026-01-18T05:20:07.655+05:30 DEBUG 94736 --- [nio-8081-exec-8] o.s.s.w.a.AnonymousAuthenticationFilter  : Set SecurityContextHolder to anonymous SecurityContext
2026-01-18T05:20:07.656+05:30 DEBUG 94736 --- [nio-8081-exec-4] o.s.security.web.FilterChainProxy        : Securing GET /api/notifications
2026-01-18T05:20:07.656+05:30 DEBUG 94736 --- [nio-8081-exec-2] o.s.security.web.FilterChainProxy        : Securing GET /api/notifications/count
Hibernate: 
    select
        u1_0.id,
        u1_0.created_at,
        u1_0.email,
        u1_0.first_name,
        u1_0.last_name,
        u1_0.password,
        u1_0.phone_number,
        u1_0.updated_at,
        u1_0.username 
    from
        users u1_0 
    where
        lower(u1_0.username)=lower(?) 
        or lower(u1_0.email)=lower(?) 
        or u1_0.phone_number=?
Hibernate: 
    select
        u1_0.id,
        u1_0.created_at,
        u1_0.email,
        u1_0.first_name,
        u1_0.last_name,
        u1_0.password,
        u1_0.phone_number,
        u1_0.updated_at,
        u1_0.username 
    from
        users u1_0 
    where
        lower(u1_0.username)=lower(?) 
        or lower(u1_0.email)=lower(?) 
        or u1_0.phone_number=?
Hibernate: 
    select
        r1_0.user_id,
        r1_0.role 
    from
        user_roles r1_0 
    where
        r1_0.user_id=?
Hibernate: 
    select
        r1_0.user_id,
        r1_0.role 
    from
        user_roles r1_0 
    where
        r1_0.user_id=?
2026-01-18T05:20:07.667+05:30 DEBUG 94736 --- [nio-8081-exec-4] o.s.s.w.a.AnonymousAuthenticationFilter  : Set SecurityContextHolder to anonymous SecurityContext
2026-01-18T05:20:07.667+05:30 DEBUG 94736 --- [nio-8081-exec-2] o.s.s.w.a.AnonymousAuthenticationFilter  : Set SecurityContextHolder to anonymous SecurityContext
2026-01-18T05:20:07.668+05:30 DEBUG 94736 --- [nio-8081-exec-2] o.s.s.w.a.Http403ForbiddenEntryPoint     : Pre-authenticated entry point called. Rejecting access
2026-01-18T05:20:07.668+05:30 DEBUG 94736 --- [nio-8081-exec-4] o.s.s.w.a.Http403ForbiddenEntryPoint     : Pre-authenticated entry point called. Rejecting access
2026-01-18T05:20:07.669+05:30 DEBUG 94736 --- [nio-8081-exec-2] o.s.security.web.FilterChainProxy        : Securing GET /error
2026-01-18T05:20:07.669+05:30 DEBUG 94736 --- [nio-8081-exec-4] o.s.security.web.FilterChainProxy        : Securing GET /error
2026-01-18T05:20:07.669+05:30 DEBUG 94736 --- [nio-8081-exec-2] o.s.security.web.FilterChainProxy        : Secured GET /error
2026-01-18T05:20:07.669+05:30 DEBUG 94736 --- [nio-8081-exec-4] o.s.security.web.FilterChainProxy        : Secured GET /error
2026-01-18T05:20:07.670+05:30 DEBUG 94736 --- [nio-8081-exec-4] o.s.s.w.a.AnonymousAuthenticationFilter  : Set SecurityContextHolder to anonymous SecurityContext
2026-01-18T05:20:07.670+05:30 DEBUG 94736 --- [nio-8081-exec-2] o.s.s.w.a.AnonymousAuthenticationFilter  : Set SecurityContextHolder to anonymous SecurityContext
2026-01-18T05:20:23.610+05:30 DEBUG 94736 --- [nio-8081-exec-7] o.s.security.web.FilterChainProxy        : Securing GET /api/health
2026-01-18T05:20:23.611+05:30 DEBUG 94736 --- [nio-8081-exec-7] o.s.s.w.a.AnonymousAuthenticationFilter  : Set SecurityContextHolder to anonymous SecurityContext
2026-01-18T05:20:23.611+05:30 DEBUG 94736 --- [nio-8081-exec-7] o.s.s.w.a.Http403ForbiddenEntryPoint     : Pre-authenticated entry point called. Rejecting access
2026-01-18T05:20:23.611+05:30 DEBUG 94736 --- [nio-8081-exec-7] o.s.security.web.FilterChainProxy        : Securing GET /error
2026-01-18T05:20:23.612+05:30 DEBUG 94736 --- [nio-8081-exec-7] o.s.security.web.FilterChainProxy        : Secured GET /error
2026-01-18T05:20:23.613+05:30 DEBUG 94736 --- [nio-8081-exec-7] o.s.s.w.a.AnonymousAuthenticationFilter  : Set SecurityContextHolder to anonymous SecurityContext
Hibernate: 
    select
        e1_0.id,
        e1_0.attempts,
        e1_0.body_html,
        e1_0.body_text,
        e1_0.created_at,
        e1_0.email_type,
        e1_0.last_error,
        e1_0.recipient,
        e1_0.scheduled_at,
        e1_0.status,
        e1_0.subject,
        e1_0.updated_at 
    from
        email_queue e1_0 
    where
        e1_0.status='PENDING' 
        and e1_0.scheduled_at<=? 
    order by
        e1_0.scheduled_at
Hibernate: 
    select
        e1_0.id,
        e1_0.attempts,
        e1_0.body_html,
        e1_0.body_text,
        e1_0.created_at,
        e1_0.email_type,
        e1_0.last_error,
        e1_0.recipient,
        e1_0.scheduled_at,
        e1_0.status,
        e1_0.subject,
        e1_0.updated_at 
    from
        email_queue e1_0 
    where
        e1_0.status='PENDING' 
        and e1_0.scheduled_at<=? 
    order by
        e1_0.scheduled_at
2026-01-18T05:21:07.640+05:30 DEBUG 94736 --- [nio-8081-exec-3] o.s.security.web.FilterChainProxy        : Securing GET /api/notifications/count
2026-01-18T05:21:07.640+05:30 DEBUG 94736 --- [nio-8081-exec-9] o.s.security.web.FilterChainProxy        : Securing GET /api/notifications
Hibernate: 
    select
        u1_0.id,
        u1_0.created_at,
        u1_0.email,
        u1_0.first_name,
        u1_0.last_name,
        u1_0.password,
        u1_0.phone_number,
        u1_0.updated_at,
        u1_0.username 
    from
        users u1_0 
    where
        lower(u1_0.username)=lower(?) 
        or lower(u1_0.email)=lower(?) 
        or u1_0.phone_number=?
Hibernate: 
    select
        u1_0.id,
        u1_0.created_at,
        u1_0.email,
        u1_0.first_name,
        u1_0.last_name,
        u1_0.password,
        u1_0.phone_number,
        u1_0.updated_at,
        u1_0.username 
    from
        users u1_0 
    where
        lower(u1_0.username)=lower(?) 
        or lower(u1_0.email)=lower(?) 
        or u1_0.phone_number=?
Hibernate: 
    select
        r1_0.user_id,
        r1_0.role 
    from
        user_roles r1_0 
    where
        r1_0.user_id=?
Hibernate: 
    select
        r1_0.user_id,
        r1_0.role 
    from
        user_roles r1_0 
    where
        r1_0.user_id=?
2026-01-18T05:21:07.650+05:30 DEBUG 94736 --- [nio-8081-exec-3] o.s.s.w.a.AnonymousAuthenticationFilter  : Set SecurityContextHolder to anonymous SecurityContext
2026-01-18T05:21:07.650+05:30 DEBUG 94736 --- [nio-8081-exec-9] o.s.s.w.a.AnonymousAuthenticationFilter  : Set SecurityContextHolder to anonymous SecurityContext
2026-01-18T05:21:07.651+05:30 DEBUG 94736 --- [nio-8081-exec-9] o.s.s.w.a.Http403ForbiddenEntryPoint     : Pre-authenticated entry point called. Rejecting access
2026-01-18T05:21:07.651+05:30 DEBUG 94736 --- [nio-8081-exec-3] o.s.s.w.a.Http403ForbiddenEntryPoint     : Pre-authenticated entry point called. Rejecting access
2026-01-18T05:21:07.652+05:30 DEBUG 94736 --- [nio-8081-exec-9] o.s.security.web.FilterChainProxy        : Securing GET /error
2026-01-18T05:21:07.652+05:30 DEBUG 94736 --- [nio-8081-exec-3] o.s.security.web.FilterChainProxy        : Securing GET /error
2026-01-18T05:21:07.653+05:30 DEBUG 94736 --- [nio-8081-exec-3] o.s.security.web.FilterChainProxy        : Secured GET /error
2026-01-18T05:21:07.653+05:30 DEBUG 94736 --- [nio-8081-exec-9] o.s.security.web.FilterChainProxy        : Secured GET /error
2026-01-18T05:21:07.654+05:30 DEBUG 94736 --- [nio-8081-exec-9] o.s.s.w.a.AnonymousAuthenticationFilter  : Set SecurityContextHolder to anonymous SecurityContext
2026-01-18T05:21:07.654+05:30 DEBUG 94736 --- [nio-8081-exec-3] o.s.s.w.a.AnonymousAuthenticationFilter  : Set SecurityContextHolder to anonymous SecurityContext
2026-01-18T05:21:07.655+05:30 DEBUG 94736 --- [nio-8081-exec-6] o.s.security.web.FilterChainProxy        : Securing GET /api/notifications
2026-01-18T05:21:07.655+05:30 DEBUG 94736 --- [io-8081-exec-10] o.s.security.web.FilterChainProxy        : Securing GET /api/notifications/count
Hibernate: 
    select
        u1_0.id,
        u1_0.created_at,
        u1_0.email,
        u1_0.first_name,
        u1_0.last_name,
        u1_0.password,
        u1_0.phone_number,
        u1_0.updated_at,
        u1_0.username 
    from
        users u1_0 
    where
        lower(u1_0.username)=lower(?) 
        or lower(u1_0.email)=lower(?) 
        or u1_0.phone_number=?
Hibernate: 
    select
        u1_0.id,
        u1_0.created_at,
        u1_0.email,
        u1_0.first_name,
        u1_0.last_name,
        u1_0.password,
        u1_0.phone_number,
        u1_0.updated_at,
        u1_0.username 
    from
        users u1_0 
    where
        lower(u1_0.username)=lower(?) 
        or lower(u1_0.email)=lower(?) 
        or u1_0.phone_number=?
Hibernate: 
    select
        r1_0.user_id,
        r1_0.role 
    from
        user_roles r1_0 
    where
        r1_0.user_id=?
Hibernate: 
    select
        r1_0.user_id,
        r1_0.role 
    from
        user_roles r1_0 
    where
        r1_0.user_id=?
2026-01-18T05:21:07.665+05:30 DEBUG 94736 --- [io-8081-exec-10] o.s.s.w.a.AnonymousAuthenticationFilter  : Set SecurityContextHolder to anonymous SecurityContext
2026-01-18T05:21:07.665+05:30 DEBUG 94736 --- [nio-8081-exec-6] o.s.s.w.a.AnonymousAuthenticationFilter  : Set SecurityContextHolder to anonymous SecurityContext
2026-01-18T05:21:07.666+05:30 DEBUG 94736 --- [io-8081-exec-10] o.s.s.w.a.Http403ForbiddenEntryPoint     : Pre-authenticated entry point called. Rejecting access
2026-01-18T05:21:07.666+05:30 DEBUG 94736 --- [nio-8081-exec-6] o.s.s.w.a.Http403ForbiddenEntryPoint     : Pre-authenticated entry point called. Rejecting access
2026-01-18T05:21:07.666+05:30 DEBUG 94736 --- [nio-8081-exec-6] o.s.security.web.FilterChainProxy        : Securing GET /error
2026-01-18T05:21:07.666+05:30 DEBUG 94736 --- [io-8081-exec-10] o.s.security.web.FilterChainProxy        : Securing GET /error
2026-01-18T05:21:07.667+05:30 DEBUG 94736 --- [nio-8081-exec-6] o.s.security.web.FilterChainProxy        : Secured GET /error
2026-01-18T05:21:07.667+05:30 DEBUG 94736 --- [io-8081-exec-10] o.s.security.web.FilterChainProxy        : Secured GET /error
2026-01-18T05:21:07.668+05:30 DEBUG 94736 --- [nio-8081-exec-6] o.s.s.w.a.AnonymousAuthenticationFilter  : Set SecurityContextHolder to anonymous SecurityContext
2026-01-18T05:21:07.668+05:30 DEBUG 94736 --- [io-8081-exec-10] o.s.s.w.a.AnonymousAuthenticationFilter  : Set SecurityContextHolder to anonymous SecurityContext
Hibernate: 
    select
        e1_0.id,
        e1_0.attempts,
        e1_0.body_html,
        e1_0.body_text,
        e1_0.created_at,
        e1_0.email_type,
        e1_0.last_error,
        e1_0.recipient,
        e1_0.scheduled_at,
        e1_0.status,
        e1_0.subject,
        e1_0.updated_at 
    from
        email_queue e1_0 
    where
        e1_0.status='PENDING' 
        and e1_0.scheduled_at<=? 
    order by
        e1_0.scheduled_at
Hibernate: 
    select
        e1_0.id,
        e1_0.attempts,
        e1_0.body_html,
        e1_0.body_text,
        e1_0.created_at,
        e1_0.email_type,
        e1_0.last_error,
        e1_0.recipient,
        e1_0.scheduled_at,
        e1_0.status,
        e1_0.subject,
        e1_0.updated_at 
    from
        email_queue e1_0 
    where
        e1_0.status='PENDING' 
        and e1_0.scheduled_at<=? 
    order by
        e1_0.scheduled_at
2026-01-18T05:22:07.644+05:30 DEBUG 94736 --- [nio-8081-exec-5] o.s.security.web.FilterChainProxy        : Securing GET /api/notifications/count
2026-01-18T05:22:07.644+05:30 DEBUG 94736 --- [nio-8081-exec-8] o.s.security.web.FilterChainProxy        : Securing GET /api/notifications
Hibernate: 
    select
        u1_0.id,
        u1_0.created_at,
        u1_0.email,
        u1_0.first_name,
        u1_0.last_name,
        u1_0.password,
        u1_0.phone_number,
        u1_0.updated_at,
        u1_0.username 
    from
        users u1_0 
    where
        lower(u1_0.username)=lower(?) 
        or lower(u1_0.email)=lower(?) 
        or u1_0.phone_number=?
Hibernate: 
    select
        u1_0.id,
        u1_0.created_at,
        u1_0.email,
        u1_0.first_name,
        u1_0.last_name,
        u1_0.password,
        u1_0.phone_number,
        u1_0.updated_at,
        u1_0.username 
    from
        users u1_0 
    where
        lower(u1_0.username)=lower(?) 
        or lower(u1_0.email)=lower(?) 
        or u1_0.phone_number=?
Hibernate: 
    select
        r1_0.user_id,
        r1_0.role 
    from
        user_roles r1_0 
    where
        r1_0.user_id=?
Hibernate: 
    select
        r1_0.user_id,
        r1_0.role 
    from
        user_roles r1_0 
    where
        r1_0.user_id=?
2026-01-18T05:22:07.652+05:30 DEBUG 94736 --- [nio-8081-exec-5] o.s.s.w.a.AnonymousAuthenticationFilter  : Set SecurityContextHolder to anonymous SecurityContext
2026-01-18T05:22:07.652+05:30 DEBUG 94736 --- [nio-8081-exec-8] o.s.s.w.a.AnonymousAuthenticationFilter  : Set SecurityContextHolder to anonymous SecurityContext
2026-01-18T05:22:07.653+05:30 DEBUG 94736 --- [nio-8081-exec-5] o.s.s.w.a.Http403ForbiddenEntryPoint     : Pre-authenticated entry point called. Rejecting access
2026-01-18T05:22:07.653+05:30 DEBUG 94736 --- [nio-8081-exec-8] o.s.s.w.a.Http403ForbiddenEntryPoint     : Pre-authenticated entry point called. Rejecting access
2026-01-18T05:22:07.653+05:30 DEBUG 94736 --- [nio-8081-exec-5] o.s.security.web.FilterChainProxy        : Securing GET /error
2026-01-18T05:22:07.653+05:30 DEBUG 94736 --- [nio-8081-exec-8] o.s.security.web.FilterChainProxy        : Securing GET /error
2026-01-18T05:22:07.654+05:30 DEBUG 94736 --- [nio-8081-exec-5] o.s.security.web.FilterChainProxy        : Secured GET /error
2026-01-18T05:22:07.654+05:30 DEBUG 94736 --- [nio-8081-exec-8] o.s.security.web.FilterChainProxy        : Secured GET /error
2026-01-18T05:22:07.655+05:30 DEBUG 94736 --- [nio-8081-exec-8] o.s.s.w.a.AnonymousAuthenticationFilter  : Set SecurityContextHolder to anonymous SecurityContext
2026-01-18T05:22:07.655+05:30 DEBUG 94736 --- [nio-8081-exec-5] o.s.s.w.a.AnonymousAuthenticationFilter  : Set SecurityContextHolder to anonymous SecurityContext
2026-01-18T05:22:07.656+05:30 DEBUG 94736 --- [nio-8081-exec-2] o.s.security.web.FilterChainProxy        : Securing GET /api/notifications/count
2026-01-18T05:22:07.656+05:30 DEBUG 94736 --- [nio-8081-exec-4] o.s.security.web.FilterChainProxy        : Securing GET /api/notifications
Hibernate: 
    select
        u1_0.id,
        u1_0.created_at,
        u1_0.email,
        u1_0.first_name,
        u1_0.last_name,
        u1_0.password,
        u1_0.phone_number,
        u1_0.updated_at,
        u1_0.username 
    from
        users u1_0 
    where
        lower(u1_0.username)=lower(?) 
        or lower(u1_0.email)=lower(?) 
        or u1_0.phone_number=?
Hibernate: 
    select
        u1_0.id,
        u1_0.created_at,
        u1_0.email,
        u1_0.first_name,
        u1_0.last_name,
        u1_0.password,
        u1_0.phone_number,
        u1_0.updated_at,
        u1_0.username 
    from
        users u1_0 
    where
        lower(u1_0.username)=lower(?) 
        or lower(u1_0.email)=lower(?) 
        or u1_0.phone_number=?
Hibernate: 
    select
        r1_0.user_id,
        r1_0.role 
    from
        user_roles r1_0 
    where
        r1_0.user_id=?
Hibernate: 
    select
        r1_0.user_id,
        r1_0.role 
    from
        user_roles r1_0 
    where
        r1_0.user_id=?
2026-01-18T05:22:07.666+05:30 DEBUG 94736 --- [nio-8081-exec-4] o.s.s.w.a.AnonymousAuthenticationFilter  : Set SecurityContextHolder to anonymous SecurityContext
2026-01-18T05:22:07.666+05:30 DEBUG 94736 --- [nio-8081-exec-2] o.s.s.w.a.AnonymousAuthenticationFilter  : Set SecurityContextHolder to anonymous SecurityContext
2026-01-18T05:22:07.668+05:30 DEBUG 94736 --- [nio-8081-exec-4] o.s.s.w.a.Http403ForbiddenEntryPoint     : Pre-authenticated entry point called. Rejecting access
2026-01-18T05:22:07.668+05:30 DEBUG 94736 --- [nio-8081-exec-2] o.s.s.w.a.Http403ForbiddenEntryPoint     : Pre-authenticated entry point called. Rejecting access
2026-01-18T05:22:07.668+05:30 DEBUG 94736 --- [nio-8081-exec-2] o.s.security.web.FilterChainProxy        : Securing GET /error
2026-01-18T05:22:07.668+05:30 DEBUG 94736 --- [nio-8081-exec-4] o.s.security.web.FilterChainProxy        : Securing GET /error
2026-01-18T05:22:07.669+05:30 DEBUG 94736 --- [nio-8081-exec-4] o.s.security.web.FilterChainProxy        : Secured GET /error
2026-01-18T05:22:07.669+05:30 DEBUG 94736 --- [nio-8081-exec-2] o.s.security.web.FilterChainProxy        : Secured GET /error
2026-01-18T05:22:07.670+05:30 DEBUG 94736 --- [nio-8081-exec-4] o.s.s.w.a.AnonymousAuthenticationFilter  : Set SecurityContextHolder to anonymous SecurityContext
2026-01-18T05:22:07.670+05:30 DEBUG 94736 --- [nio-8081-exec-2] o.s.s.w.a.AnonymousAuthenticationFilter  : Set SecurityContextHolder to anonymous SecurityContext
[INFO] ------------------------------------------------------------------------
[INFO] BUILD FAILURE
[INFO] ------------------------------------------------------------------------
[INFO] Total time:  11:13 min
[INFO] Finished at: 2026-01-18T05:22:15+05:30
[INFO] ------------------------------------------------------------------------
[ERROR] Failed to execute goal org.springframework.boot:spring-boot-maven-plugin:3.1.5:run (default-cli) on project flatery.backenddd: Process terminated with exit code: 137 -> [Help 1]
[ERROR] 
[ERROR] To see the full stack trace of the errors, re-run Maven with the -e switch.
[ERROR] Re-run Maven using the -X switch to enable full debug logging.
[ERROR] 
[ERROR] For more information about the errors and possible solutions, please read the following articles:
[ERROR] [Help 1] http://cwiki.apache.org/confluence/display/MAVEN/MojoExecutionException
